city,lat,lon,datetime,aqi,pm2_5,pm10,no2,so2,o3,co,date
Bangalore,12.9629,77.5775,2025-12-19 21:30:00,3,47.92,58.02,15.31,4.32,74.16,453.59,2025-12-19
Bangalore,12.9629,77.5775,2025-12-19 22:30:00,3,48.36,58.96,15.0,4.04,66.73,466.17,2025-12-19
Bangalore,12.9629,77.5775,2025-12-19 23:30:00,3,48.65,59.03,14.67,3.7,61.29,469.55,2025-12-19
Bangalore,12.9629,77.5775,2025-12-20 00:30:00,3,48.76,58.35,13.77,3.11,55.3,461.95,2025-12-20
Bangalore,12.9629,77.5775,2025-12-20 01:30:00,3,49.67,58.98,12.4,2.53,49.17,458.77,2025-12-20
Bangalore,12.9629,77.5775,2025-12-20 02:30:00,4,51.15,60.51,11.3,2.24,44.2,457.44,2025-12-20
Bangalore,12.9629,77.5775,2025-12-20 03:30:00,4,53.05,62.59,10.45,2.19,40.4,455.5,2025-12-20
Bangalore,12.9629,77.5775,2025-12-20 04:30:00,4,55.69,65.44,9.92,2.25,37.61,457.56,2025-12-20
Bangalore,12.9629,77.5775,2025-12-20 05:30:00,4,58.53,68.56,9.92,2.41,35.15,463.59,2025-12-20
Bangalore,12.9629,77.5775,2025-12-20 06:30:00,4,60.62,71.25,11.07,2.74,32.06,479.6,2025-12-20
Bangalore,12.9629,77.5775,2025-12-20 07:30:00,4,62.35,74.39,14.19,3.12,27.06,522.66,2025-12-20
Bangalore,12.9629,77.5775,2025-12-20 08:30:00,4,64.37,77.45,14.5,3.56,27.98,568.22,2025-12-20
Bangalore,12.9629,77.5775,2025-12-20 09:30:00,4,73.4,84.28,8.8,6.6,66.98,481.0,2025-12-20
Bangalore,12.9629,77.5775,2025-12-20 10:30:00,5,81.0,91.53,6.58,7.21,90.49,454.71,2025-12-20
Bangalore,12.9629,77.5775,2025-12-20 11:30:00,5,91.72,102.01,4.58,7.22,115.57,437.56,2025-12-20
Bangalore,12.9629,77.5775,2025-12-20 12:30:00,5,93.9,102.51,2.85,6.28,135.64,384.33,2025-12-20
Bangalore,12.9629,77.5775,2025-12-20 13:30:00,5,89.02,96.4,2.51,5.5,139.17,355.04,2025-12-20
Bangalore,12.9629,77.5775,2025-12-20 14:30:00,5,85.62,92.43,2.7,5.14,138.69,341.33,2025-12-20
Bangalore,12.9629,77.5775,2025-12-20 15:30:00,5,85.86,92.54,3.29,5.11,138.95,340.1,2025-12-20
Bangalore,12.9629,77.5775,2025-12-20 16:30:00,5,87.44,94.29,4.45,5.3,138.07,347.87,2025-12-20
Bangalore,12.9629,77.5775,2025-12-20 17:30:00,5,89.0,96.13,6.4,5.61,133.85,360.35,2025-12-20
Bangalore,12.9629,77.5775,2025-12-20 18:30:00,5,91.34,99.02,8.17,5.96,124.83,376.09,2025-12-20
Bangalore,12.9629,77.5775,2025-12-20 19:30:00,5,94.96,103.61,9.34,6.23,114.68,398.22,2025-12-20
Bangalore,12.9629,77.5775,2025-12-20 20:30:00,5,98.23,107.82,9.65,6.26,105.62,417.75,2025-12-20
Bangalore,12.9629,77.5775,2025-12-20 21:30:00,5,99.0,109.09,9.09,5.68,93.61,421.08,2025-12-20
Bangalore,12.9629,77.5775,2025-12-20 22:30:00,5,101.78,112.32,8.94,5.47,86.5,427.74,2025-12-20
Bangalore,12.9629,77.5775,2025-12-20 23:30:00,5,104.36,114.9,8.71,5.47,83.02,427.87,2025-12-20
Bangalore,12.9629,77.5775,2025-12-21 00:30:00,5,105.27,115.38,8.38,4.91,77.72,423.8,2025-12-21
Bangalore,12.9629,77.5775,2025-12-21 01:30:00,5,106.74,116.81,7.95,4.13,70.43,427.25,2025-12-21
Bangalore,12.9629,77.5775,2025-12-21 02:30:00,5,108.16,118.37,7.36,3.74,64.43,429.16,2025-12-21
Bangalore,12.9629,77.5775,2025-12-21 03:30:00,5,109.19,119.61,6.85,3.68,60.07,428.34,2025-12-21
Bangalore,12.9629,77.5775,2025-12-21 04:30:00,5,110.91,121.55,6.52,3.82,57.48,429.63,2025-12-21
Bangalore,12.9629,77.5775,2025-12-21 05:30:00,5,113.0,123.9,6.58,4.06,55.54,433.24,2025-12-21
Bangalore,12.9629,77.5775,2025-12-21 06:30:00,5,114.43,125.9,7.61,4.44,52.8,443.77,2025-12-21
Bangalore,12.9629,77.5775,2025-12-21 07:30:00,5,115.74,128.49,10.57,5.09,48.85,478.33,2025-12-21
Bangalore,12.9629,77.5775,2025-12-21 08:30:00,5,116.9,130.43,12.12,5.83,51.01,510.2,2025-12-21
Bangalore,12.9629,77.5775,2025-12-21 09:30:00,5,113.91,125.59,7.55,9.36,90.28,448.52,2025-12-21
Bangalore,12.9629,77.5775,2025-12-21 10:30:00,5,114.45,125.58,5.64,9.56,108.94,431.45,2025-12-21
Bangalore,12.9629,77.5775,2025-12-21 11:30:00,5,116.32,126.75,3.7,9.27,128.84,412.61,2025-12-21
Bangalore,12.9629,77.5775,2025-12-21 12:30:00,5,113.46,122.58,2.18,8.35,141.5,379.48,2025-12-21
Bangalore,12.9629,77.5775,2025-12-21 13:30:00,5,108.02,116.27,1.92,7.25,142.73,360.54,2025-12-21
Bangalore,12.9629,77.5775,2025-12-21 14:30:00,5,103.94,111.69,2.09,6.66,142.81,351.24,2025-12-21
Bangalore,12.9629,77.5775,2025-12-21 15:30:00,5,102.43,109.98,2.62,6.46,144.14,350.91,2025-12-21
Bangalore,12.9629,77.5775,2025-12-21 16:30:00,5,101.37,108.86,3.74,6.48,143.72,353.67,2025-12-21
Bangalore,12.9629,77.5775,2025-12-21 17:30:00,5,100.07,107.59,5.48,6.69,140.01,360.38,2025-12-21
Bangalore,12.9629,77.5775,2025-12-21 18:30:00,5,99.21,107.11,7.72,6.93,130.61,375.14,2025-12-21
Bangalore,12.9629,77.5775,2025-12-21 19:30:00,5,100.44,109.22,9.31,7.08,119.68,400.07,2025-12-21
Bangalore,12.9629,77.5775,2025-12-21 20:30:00,5,102.17,111.82,9.91,7.05,110.73,420.38,2025-12-21
Bangalore,12.9629,77.5775,2025-12-21 21:30:00,5,100.5,110.53,9.58,6.21,98.46,424.85,2025-12-21
Bangalore,12.9629,77.5775,2025-12-21 22:30:00,5,99.5,109.86,9.46,5.51,88.98,430.06,2025-12-21
Bangalore,12.9629,77.5775,2025-12-21 23:30:00,5,98.1,108.3,9.35,4.86,81.46,427.97,2025-12-21
Bangalore,12.9629,77.5775,2025-12-22 00:30:00,5,96.36,106.01,8.83,4.45,76.43,417.62,2025-12-22
Bangalore,12.9629,77.5775,2025-12-22 01:30:00,5,95.67,105.26,8.23,4.34,73.53,415.54,2025-12-22
Bangalore,12.9629,77.5775,2025-12-22 02:30:00,5,94.59,104.21,7.48,4.26,70.66,412.68,2025-12-22
Bangalore,12.9629,77.5775,2025-12-22 03:30:00,5,93.19,102.86,6.81,4.25,67.88,409.03,2025-12-22
Bangalore,12.9629,77.5775,2025-12-22 04:30:00,5,92.63,102.42,6.43,4.35,65.89,408.65,2025-12-22
Bangalore,12.9629,77.5775,2025-12-22 05:30:00,5,92.36,102.4,6.56,4.57,64.27,410.58,2025-12-22
Bangalore,12.9629,77.5775,2025-12-22 06:30:00,5,91.48,102.24,7.9,4.92,61.58,421.98,2025-12-22
Bangalore,12.9629,77.5775,2025-12-22 07:30:00,5,90.49,102.85,11.72,5.4,56.49,460.19,2025-12-22
Bangalore,12.9629,77.5775,2025-12-22 08:30:00,5,87.83,100.95,13.99,5.7,56.62,485.5,2025-12-22
Bangalore,12.9629,77.5775,2025-12-22 09:30:00,4,70.66,80.64,8.65,6.38,84.57,374.76,2025-12-22
Bangalore,12.9629,77.5775,2025-12-22 10:30:00,4,62.29,71.4,7.17,6.07,91.61,346.73,2025-12-22
Bangalore,12.9629,77.5775,2025-12-22 11:30:00,4,56.86,65.13,5.39,5.55,101.22,323.32,2025-12-22
Bangalore,12.9629,77.5775,2025-12-22 12:30:00,4,50.05,56.66,3.3,4.53,116.71,285.94,2025-12-22
Bangalore,12.9629,77.5775,2025-12-22 13:30:00,3,43.23,48.77,2.7,3.82,119.83,259.81,2025-12-22
Bangalore,12.9629,77.5775,2025-12-22 14:30:00,3,36.31,41.23,2.9,3.42,116.65,242.69,2025-12-22
Bangalore,12.9629,77.5775,2025-12-22 15:30:00,3,31.48,36.05,3.54,3.28,114.08,233.98,2025-12-22
Bangalore,12.9629,77.5775,2025-12-22 16:30:00,3,28.42,32.95,4.78,3.41,110.56,233.63,2025-12-22
Bangalore,12.9629,77.5775,2025-12-22 17:30:00,3,26.12,30.73,6.67,3.69,105.52,240.18,2025-12-22
Bangalore,12.9629,77.5775,2025-12-22 18:30:00,3,25.08,30.35,8.76,4.09,96.65,254.83,2025-12-22
Bangalore,12.9629,77.5775,2025-12-22 19:30:00,3,25.75,32.32,10.3,4.47,86.39,278.55,2025-12-22
Bangalore,12.9629,77.5775,2025-12-22 20:30:00,3,26.99,34.81,10.74,4.58,77.64,299.3,2025-12-22
Bangalore,12.9629,77.5775,2025-12-22 21:30:00,3,27.52,36.12,10.56,4.32,68.97,310.35,2025-12-22
Bangalore,12.9629,77.5775,2025-12-22 22:30:00,3,28.58,38.0,11.03,4.26,63.21,327.19,2025-12-22
Bangalore,12.9629,77.5775,2025-12-22 23:30:00,3,29.44,39.04,11.49,4.05,58.71,336.91,2025-12-22
Bangalore,12.9629,77.5775,2025-12-23 00:30:00,3,29.94,39.17,11.19,3.6,54.68,334.48,2025-12-23
Bangalore,12.9629,77.5775,2025-12-23 01:30:00,3,30.94,40.26,10.38,3.29,51.26,333.88,2025-12-23
Bangalore,12.9629,77.5775,2025-12-23 02:30:00,3,31.96,41.52,9.45,3.14,48.43,332.18,2025-12-23
Bangalore,12.9629,77.5775,2025-12-23 03:30:00,3,32.86,42.7,8.65,3.11,46.25,329.77,2025-12-23
Bangalore,12.9629,77.5775,2025-12-23 04:30:00,3,34.03,44.2,8.06,3.16,45.01,329.31,2025-12-23
Bangalore,12.9629,77.5775,2025-12-23 05:30:00,3,35.46,46.06,8.01,3.32,43.88,331.04,2025-12-23
Bangalore,12.9629,77.5775,2025-12-23 06:30:00,3,36.2,46.54,8.81,4.26,46.86,342.38,2025-12-23
Bangalore,12.9629,77.5775,2025-12-23 07:30:00,3,38.3,50.55,12.91,5.01,42.82,388.7,2025-12-23
Bangalore,12.9629,77.5775,2025-12-23 08:30:00,3,39.74,53.01,14.6,5.65,44.31,424.21,2025-12-23
Bangalore,12.9629,77.5775,2025-12-23 09:30:00,3,35.96,47.14,11.27,6.19,62.89,360.78,2025-12-23
Bangalore,12.9629,77.5775,2025-12-23 10:30:00,3,34.58,44.87,9.14,6.02,75.46,341.63,2025-12-23
Bangalore,12.9629,77.5775,2025-12-23 11:30:00,3,35.51,44.86,7.05,5.52,92.1,323.3,2025-12-23
Bangalore,12.9629,77.5775,2025-12-23 12:30:00,3,32.16,39.58,5.51,4.47,106.84,286.86,2025-12-23
Bangalore,12.9629,77.5775,2025-12-23 13:30:00,3,28.61,34.81,4.91,3.81,112.42,266.71,2025-12-23
Bangalore,12.9629,77.5775,2025-12-23 14:30:00,3,26.15,31.69,4.84,3.41,115.67,258.29,2025-12-23
Bangalore,12.9629,77.5775,2025-12-23 15:30:00,3,24.56,29.83,5.28,3.3,119.27,259.51,2025-12-23
Bangalore,12.9629,77.5775,2025-12-23 16:30:00,3,24.56,29.92,6.56,3.45,121.23,270.96,2025-12-23
Bangalore,12.9629,77.5775,2025-12-23 17:30:00,3,24.38,30.01,9.26,3.72,118.22,288.08,2025-12-23
Bangalore,12.9629,77.5775,2025-12-23 18:30:00,3,24.8,31.55,13.23,4.19,105.19,323.71,2025-12-23
Bangalore,12.9629,77.5775,2025-12-23 19:30:00,3,27.34,36.53,16.52,4.94,90.79,382.62,2025-12-23
Bangalore,12.9629,77.5775,2025-12-23 20:30:00,3,30.78,42.54,17.92,5.65,81.14,433.81,2025-12-23
Bangalore,12.9629,77.5775,2025-12-23 21:30:00,3,33.42,46.86,17.29,5.71,70.04,457.99,2025-12-23
Bangalore,12.9629,77.5775,2025-12-23 22:30:00,3,35.89,50.56,17.17,5.61,59.91,479.72,2025-12-23
Bangalore,12.9629,77.5775,2025-12-23 23:30:00,3,37.37,52.12,17.39,5.23,51.65,487.81,2025-12-23
Bangalore,12.9629,77.5775,2025-12-24 00:30:00,3,38.09,51.72,16.56,4.69,46.66,470.16,2025-12-24
Bangalore,12.9629,77.5775,2025-12-24 01:30:00,3,39.11,52.03,14.99,4.24,45.13,455.57,2025-12-24
Bangalore,12.9629,77.5775,2025-12-24 02:30:00,3,39.82,52.08,13.34,3.83,44.49,440.63,2025-12-24
Bangalore,12.9629,77.5775,2025-12-24 03:30:00,3,40.36,52.05,11.87,3.7,45.03,426.75,2025-12-24
Bangalore,12.9629,77.5775,2025-12-24 04:30:00,3,41.66,53.15,10.91,3.83,45.59,419.41,2025-12-24
Bangalore,12.9629,77.5775,2025-12-24 05:30:00,3,43.6,55.21,10.68,4.11,45.53,419.47,2025-12-24
Bangalore,12.9629,77.5775,2025-12-24 06:30:00,3,45.35,57.64,11.86,4.58,43.38,433.26,2025-12-24
Bangalore,12.9629,77.5775,2025-12-24 07:30:00,3,47.37,61.51,15.91,5.29,38.66,482.59,2025-12-24
Bangalore,12.9629,77.5775,2025-12-24 08:30:00,3,49.6,65.15,17.43,5.92,39.58,539.42,2025-12-24
Bangalore,12.9629,77.5775,2025-12-24 09:30:00,4,53.24,66.29,12.25,7.34,69.52,449.62,2025-12-24
Bangalore,12.9629,77.5775,2025-12-24 10:30:00,4,56.48,68.61,10.08,7.46,89.33,424.21,2025-12-24
Bangalore,12.9629,77.5775,2025-12-24 11:30:00,4,59.42,70.58,8.54,7.08,107.1,409.2,2025-12-24
Bangalore,12.9629,77.5775,2025-12-24 12:30:00,4,51.04,60.1,7.05,6.29,114.04,348.69,2025-12-24
Bangalore,12.9629,77.5775,2025-12-24 13:30:00,3,45.05,53.04,6.51,5.53,114.71,315.1,2025-12-24
Bangalore,12.9629,77.5775,2025-12-24 14:30:00,3,42.69,50.19,6.43,4.99,114.71,301.46,2025-12-24
Bangalore,12.9629,77.5775,2025-12-24 15:30:00,3,41.74,49.02,6.94,4.75,115.08,298.52,2025-12-24
Bangalore,12.9629,77.5775,2025-12-24 16:30:00,3,41.51,48.7,7.87,4.66,113.15,302.79,2025-12-24
Bangalore,12.9629,77.5775,2025-12-24 17:30:00,3,41.82,49.04,9.17,4.63,110.87,311.76,2025-12-24
Bangalore,12.9629,77.5775,2025-12-24 18:30:00,3,42.45,49.98,11.03,4.75,105.03,332.62,2025-12-24
Bangalore,12.9629,77.5775,2025-12-24 19:30:00,3,44.24,52.8,13.04,5.16,97.31,368.69,2025-12-24
Bangalore,12.9629,77.5775,2025-12-24 20:30:00,3,46.78,56.42,14.09,5.57,90.39,401.9,2025-12-24
Bangalore,12.9629,77.5775,2025-12-24 21:30:00,3,49.2,60.18,14.52,5.49,78.1,431.79,2025-12-24
Bangalore,12.9629,77.5775,2025-12-24 22:30:00,4,52.44,65.03,15.15,5.19,65.88,467.81,2025-12-24
Bangalore,12.9629,77.5775,2025-12-24 23:30:00,4,54.61,67.52,15.38,4.6,56.67,483.57,2025-12-24
Bangalore,12.9629,77.5775,2025-12-25 00:30:00,4,55.76,67.89,14.52,4.1,51.92,473.11,2025-12-25
Bangalore,12.9629,77.5775,2025-12-25 01:30:00,4,57.78,69.39,12.97,3.92,50.65,466.35,2025-12-25
Bangalore,12.9629,77.5775,2025-12-25 02:30:00,4,60.11,71.24,11.39,3.81,50.34,459.57,2025-12-25
Bangalore,12.9629,77.5775,2025-12-25 03:30:00,4,62.24,72.85,10.0,3.81,50.85,451.45,2025-12-25
Bangalore,12.9629,77.5775,2025-12-25 04:30:00,4,64.84,75.33,9.2,3.91,50.39,452.29,2025-12-25
Bangalore,12.9629,77.5775,2025-12-25 05:30:00,4,67.43,78.1,9.06,4.14,49.38,457.65,2025-12-25
Bangalore,12.9629,77.5775,2025-12-25 06:30:00,4,69.61,81.0,10.3,4.55,46.55,473.83,2025-12-25
Bangalore,12.9629,77.5775,2025-12-25 07:30:00,4,72.41,85.59,14.56,5.11,40.6,523.97,2025-12-25
Bangalore,12.9629,77.5775,2025-12-25 08:30:00,5,75.32,89.74,16.4,5.64,40.88,580.38,2025-12-25
Bangalore,12.9629,77.5775,2025-12-25 09:30:00,4,73.3,84.9,11.75,6.59,73.56,494.27,2025-12-25
Bangalore,12.9629,77.5775,2025-12-25 10:30:00,4,71.45,82.47,9.78,6.53,88.1,471.68,2025-12-25
Bangalore,12.9629,77.5775,2025-12-25 11:30:00,4,70.15,80.43,7.89,6.18,103.55,451.23,2025-12-25
Bangalore,12.9629,77.5775,2025-12-25 12:30:00,4,62.89,71.53,6.58,5.23,115.16,406.21,2025-12-25
Bangalore,12.9629,77.5775,2025-12-25 13:30:00,4,57.61,65.26,5.93,4.55,118.64,375.81,2025-12-25
Bangalore,12.9629,77.5775,2025-12-25 14:30:00,4,54.05,61.15,5.67,4.08,119.95,360.65,2025-12-25
Bangalore,12.9629,77.5775,2025-12-25 15:30:00,4,50.49,57.04,6.43,3.87,121.67,360.8,2025-12-25
Bangalore,12.9629,77.5775,2025-12-25 16:30:00,3,47.4,53.68,8.16,3.93,121.39,371.19,2025-12-25
Bangalore,12.9629,77.5775,2025-12-25 17:30:00,3,45.15,51.41,10.87,4.06,117.49,387.25,2025-12-25
Bangalore,12.9629,77.5775,2025-12-25 18:30:00,3,44.39,51.75,15.79,4.39,101.88,433.64,2025-12-25
Bangalore,12.9629,77.5775,2025-12-25 19:30:00,3,46.15,56.01,20.44,4.99,84.71,503.32,2025-12-25
Bangalore,12.9629,77.5775,2025-12-25 20:30:00,3,48.28,60.6,22.38,5.48,72.95,557.79,2025-12-25
Bangalore,12.9629,77.5775,2025-12-25 21:30:00,3,48.3,61.78,20.8,4.56,59.44,567.55,2025-12-25
Bangalore,12.9629,77.5775,2025-12-25 22:30:00,3,48.09,61.69,18.79,3.8,51.53,562.72,2025-12-25
Bangalore,12.9629,77.5775,2025-12-25 23:30:00,3,47.71,60.24,16.82,3.25,48.65,536.71,2025-12-25
Bangalore,12.9629,77.5775,2025-12-26 00:30:00,3,46.57,57.02,13.54,3.09,51.77,479.64,2025-12-26
Bangalore,12.9629,77.5775,2025-12-26 01:30:00,3,46.97,56.5,10.95,3.3,54.91,440.61,2025-12-26
Bangalore,12.9629,77.5775,2025-12-26 02:30:00,3,48.04,57.28,9.19,3.5,55.86,418.21,2025-12-26
Bangalore,12.9629,77.5775,2025-12-26 03:30:00,3,49.23,58.34,8.08,3.63,55.58,406.43,2025-12-26
Bangalore,12.9629,77.5775,2025-12-26 04:30:00,4,50.42,59.4,7.34,3.64,54.54,401.09,2025-12-26
Bangalore,12.9629,77.5775,2025-12-26 05:30:00,4,51.46,60.38,7.18,3.59,52.32,401.87,2025-12-26
Bangalore,12.9629,77.5775,2025-12-26 06:30:00,4,51.88,61.18,8.36,3.74,48.56,415.52,2025-12-26
Bangalore,12.9629,77.5775,2025-12-26 07:30:00,4,52.25,62.82,12.39,4.51,44.46,462.52,2025-12-26
Bangalore,12.9629,77.5775,2025-12-26 08:30:00,4,51.22,62.27,14.14,5.22,46.63,502.57,2025-12-26
Bangalore,12.9629,77.5775,2025-12-26 09:30:00,3,45.78,54.91,10.32,5.82,67.74,469.25,2025-12-26
Bangalore,12.9629,77.5775,2025-12-26 10:30:00,3,44.51,52.78,8.33,5.77,84.93,447.49,2025-12-26
Bangalore,12.9629,77.5775,2025-12-26 11:30:00,3,46.99,54.48,6.15,5.42,102.92,423.42,2025-12-26
Bangalore,12.9629,77.5775,2025-12-26 12:30:00,3,45.47,51.52,3.19,3.84,111.37,368.72,2025-12-26
Bangalore,12.9629,77.5775,2025-12-26 13:30:00,3,41.64,47.01,2.38,2.94,109.97,335.02,2025-12-26
Bangalore,12.9629,77.5775,2025-12-26 14:30:00,3,38.1,43.19,2.5,2.61,106.03,322.15,2025-12-26
Bangalore,12.9629,77.5775,2025-12-26 15:30:00,3,35.92,40.8,3.3,2.74,104.35,319.42,2025-12-26
Bangalore,12.9629,77.5775,2025-12-26 16:30:00,3,35.14,39.91,4.92,3.15,104.1,322.42,2025-12-26
Bangalore,12.9629,77.5775,2025-12-26 17:30:00,3,34.4,39.17,7.11,3.56,101.58,330.43,2025-12-26
Bangalore,12.9629,77.5775,2025-12-26 18:30:00,3,33.83,39.14,9.23,4.13,95.53,344.57,2025-12-26
Bangalore,12.9629,77.5775,2025-12-26 19:30:00,3,34.62,41.02,10.4,4.71,88.28,363.67,2025-12-26
Bangalore,12.9629,77.5775,2025-12-26 20:30:00,3,36.33,43.74,10.32,4.83,81.1,377.83,2025-12-26
Beijing,39.9042,116.4074,2025-12-19 21:30:00,5,480.61,564.81,129.53,65.06,0.0,4006.43,2025-12-19
Beijing,39.9042,116.4074,2025-12-19 22:30:00,5,414.49,486.19,120.45,52.52,0.0,3533.31,2025-12-19
Beijing,39.9042,116.4074,2025-12-19 23:30:00,5,328.06,385.59,111.51,45.48,0.0,2900.21,2025-12-19
Beijing,39.9042,116.4074,2025-12-20 00:30:00,5,209.97,253.25,102.47,53.42,0.02,1980.42,2025-12-20
Beijing,39.9042,116.4074,2025-12-20 01:30:00,5,144.07,178.08,94.13,54.0,0.39,1455.98,2025-12-20
Beijing,39.9042,116.4074,2025-12-20 02:30:00,5,103.7,131.51,84.09,51.74,3.37,1123.74,2025-12-20
Beijing,39.9042,116.4074,2025-12-20 03:30:00,5,81.44,105.8,74.19,48.73,7.73,943.73,2025-12-20
Beijing,39.9042,116.4074,2025-12-20 04:30:00,5,82.35,108.47,70.43,49.11,9.76,989.19,2025-12-20
Beijing,39.9042,116.4074,2025-12-20 05:30:00,5,101.26,133.01,70.9,52.8,10.05,1208.53,2025-12-20
Beijing,39.9042,116.4074,2025-12-20 06:30:00,5,119.59,156.74,69.95,55.14,11.25,1417.45,2025-12-20
Beijing,39.9042,116.4074,2025-12-20 07:30:00,5,130.97,171.48,65.78,51.23,15.81,1553.47,2025-12-20
Beijing,39.9042,116.4074,2025-12-20 08:30:00,5,136.8,178.57,61.68,48.31,20.58,1616.7,2025-12-20
Beijing,39.9042,116.4074,2025-12-20 09:30:00,5,79.37,110.15,52.97,57.33,34.31,994.81,2025-12-20
Beijing,39.9042,116.4074,2025-12-20 10:30:00,4,60.95,86.82,45.2,51.89,43.56,791.07,2025-12-20
Beijing,39.9042,116.4074,2025-12-20 11:30:00,3,46.92,68.35,38.28,44.83,51.01,646.14,2025-12-20
Beijing,39.9042,116.4074,2025-12-20 12:30:00,3,39.47,58.5,34.87,38.93,53.4,582.83,2025-12-20
Beijing,39.9042,116.4074,2025-12-20 13:30:00,3,42.04,61.85,39.15,37.12,45.18,628.71,2025-12-20
Beijing,39.9042,116.4074,2025-12-20 14:30:00,3,47.78,69.58,48.35,38.01,31.96,709.77,2025-12-20
Beijing,39.9042,116.4074,2025-12-20 15:30:00,4,60.64,86.32,57.74,41.0,18.52,864.49,2025-12-20
Beijing,39.9042,116.4074,2025-12-20 16:30:00,5,83.41,115.52,67.34,44.84,7.79,1114.53,2025-12-20
Beijing,39.9042,116.4074,2025-12-20 17:30:00,5,108.35,146.95,72.76,49.33,2.1,1371.7,2025-12-20
Beijing,39.9042,116.4074,2025-12-20 18:30:00,5,124.48,166.17,73.0,52.14,0.55,1527.79,2025-12-20
Beijing,39.9042,116.4074,2025-12-20 19:30:00,5,135.23,177.36,73.36,54.15,0.19,1635.14,2025-12-20
Beijing,39.9042,116.4074,2025-12-20 20:30:00,5,135.76,174.94,73.31,54.47,0.12,1636.6,2025-12-20
Beijing,39.9042,116.4074,2025-12-20 21:30:00,5,118.38,150.52,71.93,51.06,0.47,1458.51,2025-12-20
Beijing,39.9042,116.4074,2025-12-20 22:30:00,5,106.47,134.13,70.43,47.06,0.95,1343.19,2025-12-20
Beijing,39.9042,116.4074,2025-12-20 23:30:00,5,97.04,121.65,68.69,43.87,1.54,1251.65,2025-12-20
Beijing,39.9042,116.4074,2025-12-21 00:30:00,5,89.98,112.52,67.1,41.57,2.06,1185.47,2025-12-21
Beijing,39.9042,116.4074,2025-12-21 01:30:00,5,85.44,106.64,66.0,40.05,2.57,1136.73,2025-12-21
Beijing,39.9042,116.4074,2025-12-21 02:30:00,5,82.99,103.44,65.52,38.91,3.06,1105.54,2025-12-21
Beijing,39.9042,116.4074,2025-12-21 03:30:00,5,83.12,103.65,65.35,38.76,3.56,1096.63,2025-12-21
Beijing,39.9042,116.4074,2025-12-21 04:30:00,5,94.17,118.18,66.25,43.31,3.55,1206.29,2025-12-21
Beijing,39.9042,116.4074,2025-12-21 05:30:00,5,113.67,143.13,68.51,50.18,3.05,1400.33,2025-12-21
Beijing,39.9042,116.4074,2025-12-21 06:30:00,5,128.52,162.13,64.61,54.95,8.48,1557.05,2025-12-21
Beijing,39.9042,116.4074,2025-12-21 07:30:00,5,133.43,168.5,54.08,54.83,19.19,1610.77,2025-12-21
Beijing,39.9042,116.4074,2025-12-21 08:30:00,5,122.81,155.08,46.71,51.79,27.75,1484.84,2025-12-21
Beijing,39.9042,116.4074,2025-12-21 09:30:00,3,48.65,65.91,31.91,45.1,47.82,684.24,2025-12-21
Beijing,39.9042,116.4074,2025-12-21 10:30:00,3,37.36,52.52,27.11,40.1,53.17,543.71,2025-12-21
Beijing,39.9042,116.4074,2025-12-21 11:30:00,3,33.62,48.17,25.93,37.17,53.91,491.51,2025-12-21
Beijing,39.9042,116.4074,2025-12-21 12:30:00,3,36.07,51.63,28.45,36.13,49.82,520.25,2025-12-21
Beijing,39.9042,116.4074,2025-12-21 13:30:00,3,44.78,63.03,36.66,35.54,37.56,619.67,2025-12-21
Beijing,39.9042,116.4074,2025-12-21 14:30:00,4,53.13,74.19,47.76,34.03,22.66,720.55,2025-12-21
Beijing,39.9042,116.4074,2025-12-21 15:30:00,4,62.12,86.12,52.28,34.67,14.56,825.82,2025-12-21
Beijing,39.9042,116.4074,2025-12-21 16:30:00,4,72.76,99.76,52.51,36.59,12.39,939.63,2025-12-21
Beijing,39.9042,116.4074,2025-12-21 17:30:00,5,83.07,112.44,51.73,38.91,12.08,1041.09,2025-12-21
Beijing,39.9042,116.4074,2025-12-21 18:30:00,5,87.14,116.69,50.43,39.39,11.66,1079.34,2025-12-21
Beijing,39.9042,116.4074,2025-12-21 19:30:00,5,89.9,119.54,50.28,40.25,10.5,1108.36,2025-12-21
Beijing,39.9042,116.4074,2025-12-21 20:30:00,5,89.87,118.87,50.9,40.68,9.06,1105.06,2025-12-21
Beijing,39.9042,116.4074,2025-12-21 21:30:00,5,83.1,109.15,51.96,38.46,7.53,1027.18,2025-12-21
Beijing,39.9042,116.4074,2025-12-21 22:30:00,5,76.42,99.65,53.19,37.17,6.56,943.71,2025-12-21
Beijing,39.9042,116.4074,2025-12-21 23:30:00,4,72.5,93.73,54.37,37.37,6.33,884.68,2025-12-21
Beijing,39.9042,116.4074,2025-12-22 00:30:00,4,71.41,91.47,55.99,38.05,5.84,853.13,2025-12-22
Beijing,39.9042,116.4074,2025-12-22 01:30:00,4,73.39,93.2,58.98,39.03,4.51,853.8,2025-12-22
Beijing,39.9042,116.4074,2025-12-22 02:30:00,5,76.5,96.38,62.3,40.29,3.0,867.1,2025-12-22
Beijing,39.9042,116.4074,2025-12-22 03:30:00,5,82.18,103.08,64.82,42.22,1.76,913.84,2025-12-22
Beijing,39.9042,116.4074,2025-12-22 04:30:00,5,99.4,125.34,66.07,48.84,1.0,1095.13,2025-12-22
Beijing,39.9042,116.4074,2025-12-22 05:30:00,5,124.97,158.47,67.32,58.63,0.55,1368.26,2025-12-22
Beijing,39.9042,116.4074,2025-12-22 06:30:00,5,144.86,184.38,65.54,64.9,2.62,1596.66,2025-12-22
Beijing,39.9042,116.4074,2025-12-22 07:30:00,5,154.47,196.61,59.64,64.56,8.13,1719.79,2025-12-22
Beijing,39.9042,116.4074,2025-12-22 08:30:00,5,150.88,191.51,53.95,56.47,15.12,1685.58,2025-12-22
Beijing,39.9042,116.4074,2025-12-22 09:30:00,5,91.83,116.04,45.96,58.62,28.96,978.92,2025-12-22
Beijing,39.9042,116.4074,2025-12-22 10:30:00,5,84.9,107.07,44.31,56.69,33.29,870.06,2025-12-22
Beijing,39.9042,116.4074,2025-12-22 11:30:00,5,82.13,103.39,45.6,55.32,34.33,819.06,2025-12-22
Beijing,39.9042,116.4074,2025-12-22 12:30:00,5,88.73,111.77,53.49,49.94,26.82,887.01,2025-12-22
Beijing,39.9042,116.4074,2025-12-22 13:30:00,5,103.86,131.28,64.02,43.36,13.97,1058.36,2025-12-22
Beijing,39.9042,116.4074,2025-12-22 14:30:00,5,119.73,151.76,71.76,41.68,4.83,1241.34,2025-12-22
Beijing,39.9042,116.4074,2025-12-22 15:30:00,5,138.96,176.23,74.13,44.95,2.05,1451.54,2025-12-22
Beijing,39.9042,116.4074,2025-12-22 16:30:00,5,164.11,207.46,74.97,44.41,1.15,1705.63,2025-12-22
Beijing,39.9042,116.4074,2025-12-22 17:30:00,5,191.26,240.61,75.49,46.65,0.72,1963.17,2025-12-22
Beijing,39.9042,116.4074,2025-12-22 18:30:00,5,210.93,264.11,74.55,53.44,0.45,2159.52,2025-12-22
Beijing,39.9042,116.4074,2025-12-22 19:30:00,5,230.5,288.27,74.29,60.04,0.24,2360.24,2025-12-22
Beijing,39.9042,116.4074,2025-12-22 20:30:00,5,244.64,305.22,74.51,66.47,0.13,2504.51,2025-12-22
Beijing,39.9042,116.4074,2025-12-22 21:30:00,5,245.38,304.19,74.51,67.25,0.1,2506.87,2025-12-22
Beijing,39.9042,116.4074,2025-12-22 22:30:00,5,240.59,295.93,73.58,61.23,0.12,2455.13,2025-12-22
Beijing,39.9042,116.4074,2025-12-22 23:30:00,5,234.69,285.98,71.76,52.31,0.14,2401.14,2025-12-22
Beijing,39.9042,116.4074,2025-12-23 00:30:00,5,230.13,274.62,70.63,51.27,0.1,2372.65,2025-12-23
Beijing,39.9042,116.4074,2025-12-23 01:30:00,5,229.22,267.3,69.54,50.98,0.03,2385.88,2025-12-23
Beijing,39.9042,116.4074,2025-12-23 02:30:00,5,230.79,263.92,68.6,49.03,0.01,2426.32,2025-12-23
Beijing,39.9042,116.4074,2025-12-23 03:30:00,5,237.49,269.23,68.23,44.18,0.0,2496.02,2025-12-23
Beijing,39.9042,116.4074,2025-12-23 04:30:00,5,268.3,306.19,68.08,45.11,0.0,2808.3,2025-12-23
Beijing,39.9042,116.4074,2025-12-23 05:30:00,5,315.77,363.05,68.98,54.36,0.01,3286.4,2025-12-23
Beijing,39.9042,116.4074,2025-12-23 06:30:00,5,354.3,408.66,69.57,59.64,0.5,3678.93,2025-12-23
Beijing,39.9042,116.4074,2025-12-23 07:30:00,5,378.39,436.53,70.62,45.74,2.92,3939.98,2025-12-23
Beijing,39.9042,116.4074,2025-12-23 08:30:00,5,384.41,441.44,75.68,42.91,7.46,3960.02,2025-12-23
Beijing,39.9042,116.4074,2025-12-23 09:30:00,5,255.59,292.67,85.05,76.24,20.29,2424.63,2025-12-23
Beijing,39.9042,116.4074,2025-12-23 10:30:00,5,210.21,245.13,83.08,71.06,29.24,1940.66,2025-12-23
Beijing,39.9042,116.4074,2025-12-23 11:30:00,5,184.3,222.44,80.97,65.33,34.98,1674.99,2025-12-23
Beijing,39.9042,116.4074,2025-12-23 12:30:00,5,178.57,223.55,82.56,56.4,34.61,1608.12,2025-12-23
Beijing,39.9042,116.4074,2025-12-23 13:30:00,5,184.15,235.16,90.61,47.38,21.87,1662.25,2025-12-23
Beijing,39.9042,116.4074,2025-12-23 14:30:00,5,182.16,238.82,100.05,43.53,5.19,1684.43,2025-12-23
Beijing,39.9042,116.4074,2025-12-23 15:30:00,5,167.64,230.19,94.61,42.66,0.67,1618.95,2025-12-23
Beijing,39.9042,116.4074,2025-12-23 16:30:00,5,150.84,220.5,86.26,44.49,0.53,1529.65,2025-12-23
Beijing,39.9042,116.4074,2025-12-23 17:30:00,5,136.67,212.72,81.02,52.6,0.58,1448.68,2025-12-23
Beijing,39.9042,116.4074,2025-12-23 18:30:00,5,113.3,192.79,75.0,60.5,4.9,1259.77,2025-12-23
Beijing,39.9042,116.4074,2025-12-23 19:30:00,5,111.78,193.22,75.51,68.09,5.99,1283.38,2025-12-23
Beijing,39.9042,116.4074,2025-12-23 20:30:00,5,116.03,196.83,81.46,73.1,4.97,1350.26,2025-12-23
Beijing,39.9042,116.4074,2025-12-23 21:30:00,5,120.44,196.04,87.49,69.91,3.28,1410.69,2025-12-23
Beijing,39.9042,116.4074,2025-12-23 22:30:00,5,131.5,203.47,91.49,63.2,1.64,1529.2,2025-12-23
Beijing,39.9042,116.4074,2025-12-23 23:30:00,5,145.05,216.33,93.64,58.38,0.56,1665.38,2025-12-23
Beijing,39.9042,116.4074,2025-12-24 00:30:00,5,160.2,232.57,93.79,55.88,0.07,1809.56,2025-12-24
Beijing,39.9042,116.4074,2025-12-24 01:30:00,5,174.87,248.75,93.08,53.84,0.0,1946.08,2025-12-24
Beijing,39.9042,116.4074,2025-12-24 02:30:00,5,187.77,263.1,91.63,52.7,0.0,2068.83,2025-12-24
Beijing,39.9042,116.4074,2025-12-24 03:30:00,5,198.48,275.13,89.94,53.55,0.0,2177.44,2025-12-24
Beijing,39.9042,116.4074,2025-12-24 04:30:00,5,222.62,305.04,90.04,63.77,0.0,2430.44,2025-12-24
Beijing,39.9042,116.4074,2025-12-24 05:30:00,5,258.7,349.85,90.71,79.78,0.01,2812.23,2025-12-24
Beijing,39.9042,116.4074,2025-12-24 06:30:00,5,288.27,384.99,89.75,89.3,1.68,3151.12,2025-12-24
Beijing,39.9042,116.4074,2025-12-24 07:30:00,5,307.23,403.69,83.64,84.69,7.03,3383.93,2025-12-24
Beijing,39.9042,116.4074,2025-12-24 08:30:00,5,317.05,408.01,81.61,70.93,12.49,3482.01,2025-12-24
Beijing,39.9042,116.4074,2025-12-24 09:30:00,5,156.75,217.97,79.4,115.79,29.45,1743.77,2025-12-24
Beijing,39.9042,116.4074,2025-12-24 10:30:00,5,149.08,210.05,77.49,116.31,33.18,1586.65,2025-12-24
Beijing,39.9042,116.4074,2025-12-24 11:30:00,5,147.13,208.71,77.96,111.88,33.33,1493.91,2025-12-24
Beijing,39.9042,116.4074,2025-12-24 12:30:00,5,158.55,222.98,84.29,111.67,27.06,1564.97,2025-12-24
Beijing,39.9042,116.4074,2025-12-24 13:30:00,5,188.5,258.94,100.26,123.73,12.1,1837.16,2025-12-24
Beijing,39.9042,116.4074,2025-12-24 14:30:00,5,215.24,291.24,113.04,137.95,1.26,2098.27,2025-12-24
Beijing,39.9042,116.4074,2025-12-24 15:30:00,5,232.67,312.09,115.24,147.14,0.0,2291.1,2025-12-24
Beijing,39.9042,116.4074,2025-12-24 16:30:00,5,243.23,324.74,114.09,146.5,0.0,2423.18,2025-12-24
Beijing,39.9042,116.4074,2025-12-24 17:30:00,5,241.85,320.56,111.01,131.55,0.01,2438.97,2025-12-24
Beijing,39.9042,116.4074,2025-12-24 18:30:00,5,157.92,211.59,88.14,79.92,10.28,1597.49,2025-12-24
Beijing,39.9042,116.4074,2025-12-24 19:30:00,5,119.1,160.11,66.7,58.1,24.81,1242.46,2025-12-24
Beijing,39.9042,116.4074,2025-12-24 20:30:00,5,85.37,116.83,52.57,44.36,33.01,952.86,2025-12-24
Beijing,39.9042,116.4074,2025-12-24 21:30:00,4,50.37,73.1,37.55,33.45,40.96,639.53,2025-12-24
Beijing,39.9042,116.4074,2025-12-24 22:30:00,3,34.23,52.09,26.84,28.52,48.14,498.14,2025-12-24
Beijing,39.9042,116.4074,2025-12-24 23:30:00,3,26.52,41.88,22.02,28.27,51.46,436.47,2025-12-24
Beijing,39.9042,116.4074,2025-12-25 00:30:00,2,23.32,37.41,21.06,30.47,51.27,418.25,2025-12-25
Beijing,39.9042,116.4074,2025-12-25 01:30:00,2,23.21,36.93,22.95,34.87,48.87,431.79,2025-12-25
Beijing,39.9042,116.4074,2025-12-25 02:30:00,2,24.27,37.99,26.4,40.51,45.4,457.78,2025-12-25
Beijing,39.9042,116.4074,2025-12-25 03:30:00,3,26.69,40.77,31.31,46.76,40.92,496.26,2025-12-25
Beijing,39.9042,116.4074,2025-12-25 04:30:00,3,36.0,52.71,40.18,55.71,34.01,608.35,2025-12-25
Beijing,39.9042,116.4074,2025-12-25 05:30:00,4,50.32,71.12,52.52,65.31,24.58,770.3,2025-12-25
Beijing,39.9042,116.4074,2025-12-25 06:30:00,4,60.59,84.26,56.31,72.72,24.79,892.74,2025-12-25
Beijing,39.9042,116.4074,2025-12-25 07:30:00,4,63.95,88.51,48.85,76.53,35.85,939.48,2025-12-25
Beijing,39.9042,116.4074,2025-12-25 08:30:00,4,58.46,81.31,42.13,75.12,43.56,877.5,2025-12-25
Beijing,39.9042,116.4074,2025-12-25 09:30:00,3,29.36,44.41,27.6,52.57,58.14,520.11,2025-12-25
Beijing,39.9042,116.4074,2025-12-25 10:30:00,2,24.91,38.59,23.41,44.87,61.76,447.71,2025-12-25
Beijing,39.9042,116.4074,2025-12-25 11:30:00,3,25.24,38.63,23.58,42.86,61.98,436.78,2025-12-25
Beijing,39.9042,116.4074,2025-12-25 12:30:00,3,31.85,46.92,27.85,42.96,56.9,504.37,2025-12-25
Beijing,39.9042,116.4074,2025-12-25 13:30:00,3,44.85,63.33,38.32,43.08,42.9,646.42,2025-12-25
Beijing,39.9042,116.4074,2025-12-25 14:30:00,4,58.0,79.71,53.6,43.82,24.46,791.64,2025-12-25
Beijing,39.9042,116.4074,2025-12-25 15:30:00,4,71.61,96.4,63.72,46.55,12.15,941.66,2025-12-25
Beijing,39.9042,116.4074,2025-12-25 16:30:00,5,86.75,114.84,69.27,51.47,6.43,1099.89,2025-12-25
Beijing,39.9042,116.4074,2025-12-25 17:30:00,5,101.8,132.9,72.29,56.58,3.72,1247.75,2025-12-25
Beijing,39.9042,116.4074,2025-12-25 18:30:00,5,112.53,145.04,73.3,59.62,2.48,1349.85,2025-12-25
Beijing,39.9042,116.4074,2025-12-25 19:30:00,5,119.83,152.66,74.17,61.77,1.99,1418.45,2025-12-25
Beijing,39.9042,116.4074,2025-12-25 20:30:00,5,119.55,150.76,74.47,62.21,2.07,1408.35,2025-12-25
Beijing,39.9042,116.4074,2025-12-25 21:30:00,5,113.28,141.33,74.1,60.08,2.49,1330.29,2025-12-25
Beijing,39.9042,116.4074,2025-12-25 22:30:00,5,110.22,136.29,74.13,57.89,2.54,1290.99,2025-12-25
Beijing,39.9042,116.4074,2025-12-25 23:30:00,5,109.17,134.22,74.16,56.6,2.42,1270.79,2025-12-25
Beijing,39.9042,116.4074,2025-12-26 00:30:00,5,111.86,136.89,73.86,54.46,2.08,1293.54,2025-12-26
Beijing,39.9042,116.4074,2025-12-26 01:30:00,5,117.06,142.82,73.31,51.45,1.61,1341.71,2025-12-26
Beijing,39.9042,116.4074,2025-12-26 02:30:00,5,121.17,147.93,73.24,49.7,1.1,1386.72,2025-12-26
Beijing,39.9042,116.4074,2025-12-26 03:30:00,5,126.81,155.36,73.52,50.52,0.53,1444.0,2025-12-26
Beijing,39.9042,116.4074,2025-12-26 04:30:00,5,145.62,180.06,74.22,57.68,0.1,1647.8,2025-12-26
Beijing,39.9042,116.4074,2025-12-26 05:30:00,5,174.28,217.02,75.17,68.11,0.04,1959.75,2025-12-26
Beijing,39.9042,116.4074,2025-12-26 06:30:00,5,196.17,244.7,73.44,75.75,1.99,2211.82,2025-12-26
Beijing,39.9042,116.4074,2025-12-26 07:30:00,5,206.74,257.72,68.24,78.57,7.63,2341.0,2025-12-26
Beijing,39.9042,116.4074,2025-12-26 08:30:00,5,202.63,251.67,65.76,78.42,12.87,2291.97,2025-12-26
Beijing,39.9042,116.4074,2025-12-26 09:30:00,5,119.99,149.38,61.97,96.99,24.91,1379.8,2025-12-26
Beijing,39.9042,116.4074,2025-12-26 10:30:00,5,110.41,137.53,62.91,98.02,27.42,1239.45,2025-12-26
Beijing,39.9042,116.4074,2025-12-26 11:30:00,5,112.5,139.81,67.91,98.71,25.12,1234.11,2025-12-26
Beijing,39.9042,116.4074,2025-12-26 12:30:00,5,127.98,159.19,75.92,90.54,17.81,1382.49,2025-12-26
Beijing,39.9042,116.4074,2025-12-26 13:30:00,5,153.37,191.05,85.14,79.99,6.54,1642.91,2025-12-26
Beijing,39.9042,116.4074,2025-12-26 14:30:00,5,178.97,223.31,89.59,84.32,0.73,1922.3,2025-12-26
Beijing,39.9042,116.4074,2025-12-26 15:30:00,5,207.83,259.35,90.51,96.81,0.0,2236.78,2025-12-26
Beijing,39.9042,116.4074,2025-12-26 16:30:00,5,243.86,303.72,90.53,103.22,0.0,2619.33,2025-12-26
Beijing,39.9042,116.4074,2025-12-26 17:30:00,5,281.98,349.1,90.96,107.82,0.0,3018.89,2025-12-26
Beijing,39.9042,116.4074,2025-12-26 18:30:00,5,310.25,380.97,90.97,109.92,0.0,3310.86,2025-12-26
Beijing,39.9042,116.4074,2025-12-26 19:30:00,5,337.91,412.71,92.27,112.99,0.0,3613.4,2025-12-26
Beijing,39.9042,116.4074,2025-12-26 20:30:00,5,359.89,437.44,93.98,112.18,0.0,3863.26,2025-12-26
Delhi,28.6139,77.209,2025-12-19 21:30:00,5,198.24,246.58,32.7,7.65,56.25,978.83,2025-12-19
Delhi,28.6139,77.209,2025-12-19 22:30:00,5,204.07,253.22,30.5,6.9,51.99,1005.48,2025-12-19
Delhi,28.6139,77.209,2025-12-19 23:30:00,5,206.59,255.4,28.2,6.02,49.58,1001.13,2025-12-19
Delhi,28.6139,77.209,2025-12-20 00:30:00,5,203.41,250.88,24.19,5.07,48.92,949.54,2025-12-20
Delhi,28.6139,77.209,2025-12-20 01:30:00,5,201.01,248.48,19.52,4.37,49.95,897.26,2025-12-20
Delhi,28.6139,77.209,2025-12-20 02:30:00,5,199.01,247.19,15.89,3.77,50.7,851.97,2025-12-20
Delhi,28.6139,77.209,2025-12-20 03:30:00,5,196.3,245.54,13.08,3.05,49.96,806.22,2025-12-20
Delhi,28.6139,77.209,2025-12-20 04:30:00,5,194.16,245.39,11.19,2.44,49.11,769.65,2025-12-20
Delhi,28.6139,77.209,2025-12-20 05:30:00,5,192.56,245.75,10.29,2.05,48.16,744.76,2025-12-20
Delhi,28.6139,77.209,2025-12-20 06:30:00,5,191.04,245.5,10.98,2.0,44.75,740.36,2025-12-20
Delhi,28.6139,77.209,2025-12-20 07:30:00,5,190.58,246.07,14.29,2.36,36.44,777.58,2025-12-20
Delhi,28.6139,77.209,2025-12-20 08:30:00,5,189.91,245.61,16.74,2.67,28.87,833.93,2025-12-20
Delhi,28.6139,77.209,2025-12-20 09:30:00,5,187.38,241.84,13.98,2.79,29.88,879.44,2025-12-20
Delhi,28.6139,77.209,2025-12-20 10:30:00,5,184.4,237.89,12.66,2.72,37.2,903.22,2025-12-20
Delhi,28.6139,77.209,2025-12-20 11:30:00,5,185.68,239.14,12.45,2.64,56.4,905.36,2025-12-20
Delhi,28.6139,77.209,2025-12-20 12:30:00,5,134.16,189.73,4.34,4.02,126.5,515.92,2025-12-20
Delhi,28.6139,77.209,2025-12-20 13:30:00,5,127.81,181.77,2.73,4.02,138.23,459.26,2025-12-20
Delhi,28.6139,77.209,2025-12-20 14:30:00,5,127.46,180.14,2.54,3.88,141.99,449.48,2025-12-20
Delhi,28.6139,77.209,2025-12-20 15:30:00,5,131.3,182.85,4.97,3.63,127.21,480.25,2025-12-20
Delhi,28.6139,77.209,2025-12-20 16:30:00,5,138.71,188.74,10.33,3.36,101.61,552.06,2025-12-20
Delhi,28.6139,77.209,2025-12-20 17:30:00,5,145.88,194.79,17.78,3.3,79.02,635.62,2025-12-20
Delhi,28.6139,77.209,2025-12-20 18:30:00,5,154.13,202.19,23.43,3.51,61.64,723.99,2025-12-20
Delhi,28.6139,77.209,2025-12-20 19:30:00,5,164.59,212.84,25.8,3.69,49.6,809.64,2025-12-20
Delhi,28.6139,77.209,2025-12-20 20:30:00,5,174.6,223.04,26.22,3.66,40.3,883.61,2025-12-20
Delhi,28.6139,77.209,2025-12-20 21:30:00,5,181.79,229.07,25.1,3.39,32.73,930.0,2025-12-20
Delhi,28.6139,77.209,2025-12-20 22:30:00,5,191.61,238.2,24.18,3.1,27.05,984.41,2025-12-20
Delhi,28.6139,77.209,2025-12-20 23:30:00,5,200.43,245.39,23.03,2.54,22.67,1017.98,2025-12-20
Delhi,28.6139,77.209,2025-12-21 00:30:00,5,204.47,244.62,20.7,1.86,19.78,1013.59,2025-12-21
Delhi,28.6139,77.209,2025-12-21 01:30:00,5,210.15,247.04,18.16,1.53,18.17,1015.11,2025-12-21
Delhi,28.6139,77.209,2025-12-21 02:30:00,5,216.53,249.27,15.95,1.37,16.98,1021.4,2025-12-21
Delhi,28.6139,77.209,2025-12-21 03:30:00,5,221.8,251.46,14.13,1.3,16.06,1023.86,2025-12-21
Delhi,28.6139,77.209,2025-12-21 04:30:00,5,227.86,255.74,12.67,1.21,15.47,1030.37,2025-12-21
Delhi,28.6139,77.209,2025-12-21 05:30:00,5,233.94,260.24,11.65,1.16,14.98,1037.13,2025-12-21
Delhi,28.6139,77.209,2025-12-21 06:30:00,5,231.32,256.25,11.62,1.31,13.86,1049.99,2025-12-21
Delhi,28.6139,77.209,2025-12-21 07:30:00,5,228.15,252.93,13.65,1.83,12.17,1095.82,2025-12-21
Delhi,28.6139,77.209,2025-12-21 08:30:00,5,224.88,249.61,16.16,2.29,15.64,1127.26,2025-12-21
Delhi,28.6139,77.209,2025-12-21 09:30:00,5,205.53,232.88,12.32,3.32,52.29,981.81,2025-12-21
Delhi,28.6139,77.209,2025-12-21 10:30:00,5,195.99,224.8,10.95,3.26,59.55,932.19,2025-12-21
Delhi,28.6139,77.209,2025-12-21 11:30:00,5,189.21,218.48,10.08,3.09,65.59,903.91,2025-12-21
Delhi,28.6139,77.209,2025-12-21 12:30:00,5,167.8,203.02,5.81,3.49,105.89,726.15,2025-12-21
Delhi,28.6139,77.209,2025-12-21 13:30:00,5,164.21,200.84,4.86,3.34,115.37,671.35,2025-12-21
Delhi,28.6139,77.209,2025-12-21 14:30:00,5,165.6,201.29,4.95,3.25,116.81,662.03,2025-12-21
Delhi,28.6139,77.209,2025-12-21 15:30:00,5,172.9,207.38,6.39,3.06,111.88,687.22,2025-12-21
Delhi,28.6139,77.209,2025-12-21 16:30:00,5,179.05,211.7,10.3,2.67,94.54,730.56,2025-12-21
Delhi,28.6139,77.209,2025-12-21 17:30:00,5,183.58,214.61,15.43,2.43,76.83,779.51,2025-12-21
Delhi,28.6139,77.209,2025-12-21 18:30:00,5,187.71,217.25,19.15,2.43,61.59,830.34,2025-12-21
Delhi,28.6139,77.209,2025-12-21 19:30:00,5,195.2,224.47,20.81,2.58,48.78,892.86,2025-12-21
Delhi,28.6139,77.209,2025-12-21 20:30:00,5,203.36,232.54,20.75,2.65,38.9,946.43,2025-12-21
Delhi,28.6139,77.209,2025-12-21 21:30:00,5,207.98,233.77,19.46,2.53,31.14,972.16,2025-12-21
Delhi,28.6139,77.209,2025-12-21 22:30:00,5,214.31,236.34,18.53,2.32,25.31,1003.52,2025-12-21
Delhi,28.6139,77.209,2025-12-21 23:30:00,5,219.13,236.46,17.52,1.86,21.0,1015.7,2025-12-21
Delhi,28.6139,77.209,2025-12-22 00:30:00,5,216.92,230.26,15.61,1.31,19.08,997.62,2025-12-22
Delhi,28.6139,77.209,2025-12-22 01:30:00,5,215.18,226.78,13.59,1.19,20.24,986.97,2025-12-22
Delhi,28.6139,77.209,2025-12-22 02:30:00,5,214.65,225.9,11.5,1.19,24.42,971.25,2025-12-22
Delhi,28.6139,77.209,2025-12-22 03:30:00,5,211.04,223.26,8.97,1.3,33.19,926.97,2025-12-22
Delhi,28.6139,77.209,2025-12-22 04:30:00,5,205.78,219.51,7.17,1.29,39.53,891.85,2025-12-22
Delhi,28.6139,77.209,2025-12-22 05:30:00,5,201.64,217.42,6.46,1.32,43.67,872.08,2025-12-22
Delhi,28.6139,77.209,2025-12-22 06:30:00,5,200.26,218.65,6.85,1.56,47.95,864.83,2025-12-22
Delhi,28.6139,77.209,2025-12-22 07:30:00,5,202.02,221.81,9.49,1.99,46.41,887.43,2025-12-22
Delhi,28.6139,77.209,2025-12-22 08:30:00,5,202.63,222.66,12.62,2.29,46.3,904.77,2025-12-22
Delhi,28.6139,77.209,2025-12-22 09:30:00,5,187.34,207.06,10.58,2.33,68.33,799.93,2025-12-22
Delhi,28.6139,77.209,2025-12-22 10:30:00,5,175.49,195.78,9.27,2.34,73.23,757.17,2025-12-22
Delhi,28.6139,77.209,2025-12-22 11:30:00,5,166.65,186.87,7.69,2.31,80.83,723.32,2025-12-22
Delhi,28.6139,77.209,2025-12-22 12:30:00,5,154.29,173.22,4.79,2.13,110.7,618.34,2025-12-22
Delhi,28.6139,77.209,2025-12-22 13:30:00,5,150.93,169.04,3.68,2.11,124.59,573.48,2025-12-22
Delhi,28.6139,77.209,2025-12-22 14:30:00,5,153.05,170.79,3.48,2.21,131.09,568.85,2025-12-22
Delhi,28.6139,77.209,2025-12-22 15:30:00,5,163.37,181.94,6.44,2.47,119.86,627.91,2025-12-22
Delhi,28.6139,77.209,2025-12-22 16:30:00,5,173.57,193.45,13.08,2.75,94.35,722.76,2025-12-22
Delhi,28.6139,77.209,2025-12-22 17:30:00,5,182.3,203.46,22.32,3.21,70.4,830.72,2025-12-22
Delhi,28.6139,77.209,2025-12-22 18:30:00,5,192.79,215.48,29.55,4.09,52.64,938.22,2025-12-22
Delhi,28.6139,77.209,2025-12-22 19:30:00,5,205.57,230.5,32.21,4.9,41.17,1036.78,2025-12-22
Delhi,28.6139,77.209,2025-12-22 20:30:00,5,216.77,243.85,32.13,5.33,33.2,1110.22,2025-12-22
Delhi,28.6139,77.209,2025-12-22 21:30:00,5,221.22,247.68,30.09,5.26,27.68,1136.91,2025-12-22
Delhi,28.6139,77.209,2025-12-22 22:30:00,5,225.2,249.86,28.21,4.79,23.45,1163.72,2025-12-22
Delhi,28.6139,77.209,2025-12-22 23:30:00,5,225.41,247.56,26.19,3.8,20.43,1159.28,2025-12-22
Delhi,28.6139,77.209,2025-12-23 00:30:00,5,220.44,239.3,23.64,3.09,19.88,1118.73,2025-12-23
Delhi,28.6139,77.209,2025-12-23 01:30:00,5,216.74,234.3,21.42,3.0,21.09,1088.83,2025-12-23
Delhi,28.6139,77.209,2025-12-23 02:30:00,5,214.25,231.79,19.5,2.91,22.06,1072.68,2025-12-23
Delhi,28.6139,77.209,2025-12-23 03:30:00,5,211.22,229.24,17.98,2.77,22.41,1064.4,2025-12-23
Delhi,28.6139,77.209,2025-12-23 04:30:00,5,208.37,227.12,16.61,2.61,22.51,1057.1,2025-12-23
Delhi,28.6139,77.209,2025-12-23 05:30:00,5,205.9,225.49,15.46,2.39,22.26,1053.38,2025-12-23
Delhi,28.6139,77.209,2025-12-23 06:30:00,5,211.47,230.69,16.75,2.15,17.06,1147.76,2025-12-23
Delhi,28.6139,77.209,2025-12-23 07:30:00,5,213.27,234.33,18.47,2.37,11.39,1212.44,2025-12-23
Delhi,28.6139,77.209,2025-12-23 08:30:00,5,214.22,237.23,19.76,2.69,9.37,1272.85,2025-12-23
Delhi,28.6139,77.209,2025-12-23 09:30:00,5,208.96,234.85,16.42,3.15,20.34,1259.1,2025-12-23
Delhi,28.6139,77.209,2025-12-23 10:30:00,5,202.27,230.1,14.52,3.57,36.17,1218.87,2025-12-23
Delhi,28.6139,77.209,2025-12-23 11:30:00,5,200.23,229.08,13.31,3.85,61.51,1169.32,2025-12-23
Delhi,28.6139,77.209,2025-12-23 12:30:00,5,171.29,200.27,4.76,4.81,130.51,731.84,2025-12-23
Delhi,28.6139,77.209,2025-12-23 13:30:00,5,159.35,188.27,3.09,4.05,138.98,632.6,2025-12-23
Delhi,28.6139,77.209,2025-12-23 14:30:00,5,152.04,180.55,2.86,3.7,139.38,593.63,2025-12-23
Delhi,28.6139,77.209,2025-12-23 15:30:00,5,152.55,180.86,4.82,3.55,127.15,605.85,2025-12-23
Delhi,28.6139,77.209,2025-12-23 16:30:00,5,159.07,187.74,9.77,3.42,105.93,669.31,2025-12-23
Delhi,28.6139,77.209,2025-12-23 17:30:00,5,163.54,193.17,16.14,3.39,87.5,740.78,2025-12-23
Delhi,28.6139,77.209,2025-12-23 18:30:00,5,166.69,197.23,20.29,3.48,75.25,800.11,2025-12-23
Delhi,28.6139,77.209,2025-12-23 19:30:00,5,170.13,201.77,20.11,3.73,72.06,834.69,2025-12-23
Delhi,28.6139,77.209,2025-12-23 20:30:00,5,171.59,204.24,17.72,3.99,73.52,836.4,2025-12-23
Delhi,28.6139,77.209,2025-12-23 21:30:00,5,169.89,202.89,15.13,4.04,74.16,818.1,2025-12-23
Delhi,28.6139,77.209,2025-12-23 22:30:00,5,170.55,204.46,13.46,4.02,74.72,818.66,2025-12-23
Delhi,28.6139,77.209,2025-12-23 23:30:00,5,169.66,204.9,11.28,4.04,79.01,801.43,2025-12-23
Delhi,28.6139,77.209,2025-12-24 00:30:00,5,164.85,200.77,8.65,3.86,83.37,765.99,2025-12-24
Delhi,28.6139,77.209,2025-12-24 01:30:00,5,160.53,196.39,6.89,3.35,82.81,751.52,2025-12-24
Delhi,28.6139,77.209,2025-12-24 02:30:00,5,154.24,189.86,5.54,3.0,81.42,735.57,2025-12-24
Delhi,28.6139,77.209,2025-12-24 03:30:00,5,145.43,180.68,4.58,2.79,79.47,713.07,2025-12-24
Delhi,28.6139,77.209,2025-12-24 04:30:00,5,136.89,171.93,3.98,2.69,77.97,690.45,2025-12-24
Delhi,28.6139,77.209,2025-12-24 05:30:00,5,128.78,163.78,3.79,2.69,76.7,669.92,2025-12-24
Delhi,28.6139,77.209,2025-12-24 06:30:00,5,120.81,156.0,4.44,2.89,74.69,655.42,2025-12-24
Delhi,28.6139,77.209,2025-12-24 07:30:00,5,114.7,150.58,6.84,3.33,70.71,667.85,2025-12-24
Delhi,28.6139,77.209,2025-12-24 08:30:00,5,109.09,145.78,9.52,3.72,67.34,681.71,2025-12-24
Delhi,28.6139,77.209,2025-12-24 09:30:00,5,102.92,140.31,9.24,4.05,69.03,679.42,2025-12-24
Delhi,28.6139,77.209,2025-12-24 10:30:00,5,97.98,136.19,7.97,4.58,76.93,661.81,2025-12-24
Delhi,28.6139,77.209,2025-12-24 11:30:00,5,92.93,132.35,6.13,5.5,94.93,614.7,2025-12-24
Delhi,28.6139,77.209,2025-12-24 12:30:00,4,55.62,83.92,2.19,5.22,121.45,404.68,2025-12-24
Delhi,28.6139,77.209,2025-12-24 13:30:00,3,45.41,69.39,1.55,4.4,125.21,349.69,2025-12-24
Delhi,28.6139,77.209,2025-12-24 14:30:00,3,43.13,66.35,1.57,4.1,126.71,337.99,2025-12-24
Delhi,28.6139,77.209,2025-12-24 15:30:00,3,44.22,66.96,4.1,3.82,114.59,368.86,2025-12-24
Delhi,28.6139,77.209,2025-12-24 16:30:00,3,47.31,70.4,10.3,3.63,93.26,442.92,2025-12-24
Delhi,28.6139,77.209,2025-12-24 17:30:00,3,49.58,73.43,19.3,3.5,74.52,526.89,2025-12-24
Delhi,28.6139,77.209,2025-12-24 18:30:00,4,51.98,76.96,26.51,3.55,60.1,613.59,2025-12-24
Delhi,28.6139,77.209,2025-12-24 19:30:00,4,55.93,82.87,30.09,3.77,49.12,699.67,2025-12-24
Delhi,28.6139,77.209,2025-12-24 20:30:00,4,60.09,89.22,30.85,3.86,40.74,767.6,2025-12-24
Delhi,28.6139,77.209,2025-12-24 21:30:00,4,63.14,93.59,29.52,3.63,34.64,800.37,2025-12-24
Delhi,28.6139,77.209,2025-12-24 22:30:00,4,66.26,97.67,28.44,3.21,30.59,831.95,2025-12-24
Delhi,28.6139,77.209,2025-12-24 23:30:00,4,67.24,98.25,26.93,2.49,28.13,835.65,2025-12-24
Delhi,28.6139,77.209,2025-12-25 00:30:00,4,65.42,94.94,23.83,1.72,27.57,795.63,2025-12-25
Delhi,28.6139,77.209,2025-12-25 01:30:00,4,64.67,93.82,20.27,1.4,28.15,762.22,2025-12-25
Delhi,28.6139,77.209,2025-12-25 02:30:00,4,64.26,93.7,17.09,1.29,29.32,731.6,2025-12-25
Delhi,28.6139,77.209,2025-12-25 03:30:00,4,63.62,93.69,14.36,1.31,31.41,695.67,2025-12-25
Delhi,28.6139,77.209,2025-12-25 04:30:00,4,62.97,94.13,12.21,1.4,34.79,663.85,2025-12-25
Delhi,28.6139,77.209,2025-12-25 05:30:00,4,62.32,94.58,10.92,1.55,38.68,634.14,2025-12-25
Delhi,28.6139,77.209,2025-12-25 06:30:00,4,62.15,95.53,11.46,1.92,40.24,627.08,2025-12-25
Delhi,28.6139,77.209,2025-12-25 07:30:00,4,64.57,99.9,15.69,2.6,35.75,674.63,2025-12-25
Delhi,28.6139,77.209,2025-12-25 08:30:00,4,68.07,104.98,19.56,3.0,31.77,751.13,2025-12-25
Delhi,28.6139,77.209,2025-12-25 09:30:00,4,70.56,108.39,17.67,3.14,35.52,817.5,2025-12-25
Delhi,28.6139,77.209,2025-12-25 10:30:00,4,72.03,110.69,16.28,3.45,41.21,855.06,2025-12-25
Delhi,28.6139,77.209,2025-12-25 11:30:00,4,74.06,113.52,15.96,3.79,54.72,857.08,2025-12-25
Delhi,28.6139,77.209,2025-12-25 12:30:00,3,30.4,53.67,3.81,4.77,120.86,350.64,2025-12-25
Delhi,28.6139,77.209,2025-12-25 13:30:00,3,24.97,42.13,2.09,4.31,126.25,282.48,2025-12-25
Delhi,28.6139,77.209,2025-12-25 14:30:00,3,25.37,41.42,1.94,4.2,128.17,274.2,2025-12-25
Delhi,28.6139,77.209,2025-12-25 15:30:00,3,29.5,46.75,5.51,4.25,111.49,329.11,2025-12-25
Delhi,28.6139,77.209,2025-12-25 16:30:00,3,35.48,54.92,13.13,4.36,85.19,433.35,2025-12-25
Delhi,28.6139,77.209,2025-12-25 17:30:00,3,40.65,62.22,24.57,4.7,62.4,550.01,2025-12-25
Delhi,28.6139,77.209,2025-12-25 18:30:00,3,46.24,70.31,34.96,5.79,45.21,667.83,2025-12-25
Delhi,28.6139,77.209,2025-12-25 19:30:00,4,53.88,80.99,40.21,7.33,35.57,775.08,2025-12-25
Delhi,28.6139,77.209,2025-12-25 20:30:00,4,61.47,91.23,42.59,8.81,29.65,860.08,2025-12-25
Delhi,28.6139,77.209,2025-12-25 21:30:00,4,66.92,97.92,42.5,10.02,26.58,908.05,2025-12-25
Delhi,28.6139,77.209,2025-12-25 22:30:00,4,72.1,103.99,41.88,10.68,25.09,952.2,2025-12-25
Delhi,28.6139,77.209,2025-12-25 23:30:00,4,74.95,106.47,39.72,9.91,24.5,959.96,2025-12-25
Delhi,28.6139,77.209,2025-12-26 00:30:00,4,73.82,103.08,34.64,8.01,26.3,914.34,2025-12-26
Delhi,28.6139,77.209,2025-12-26 01:30:00,4,72.7,100.02,28.84,6.67,30.25,865.58,2025-12-26
Delhi,28.6139,77.209,2025-12-26 02:30:00,4,71.69,97.31,23.65,5.59,33.83,818.17,2025-12-26
Delhi,28.6139,77.209,2025-12-26 03:30:00,4,70.43,94.52,19.2,4.21,34.72,773.55,2025-12-26
Delhi,28.6139,77.209,2025-12-26 04:30:00,4,69.13,92.16,15.97,3.42,35.72,733.9,2025-12-26
Delhi,28.6139,77.209,2025-12-26 05:30:00,4,67.92,90.29,14.15,3.14,37.07,702.85,2025-12-26
Delhi,28.6139,77.209,2025-12-26 06:30:00,4,67.81,90.41,14.7,3.15,35.52,700.58,2025-12-26
Delhi,28.6139,77.209,2025-12-26 07:30:00,4,70.76,95.0,19.39,3.18,26.15,764.09,2025-12-26
Delhi,28.6139,77.209,2025-12-26 08:30:00,4,74.38,99.89,23.52,2.98,16.56,858.86,2025-12-26
Delhi,28.6139,77.209,2025-12-26 09:30:00,5,75.56,101.36,18.75,2.77,20.05,921.87,2025-12-26
Delhi,28.6139,77.209,2025-12-26 10:30:00,5,75.36,101.53,17.09,2.93,28.72,946.07,2025-12-26
Delhi,28.6139,77.209,2025-12-26 11:30:00,5,76.96,103.51,17.63,3.09,46.21,942.05,2025-12-26
Delhi,28.6139,77.209,2025-12-26 12:30:00,3,47.57,66.13,4.52,3.2,127.39,378.0,2025-12-26
Delhi,28.6139,77.209,2025-12-26 13:30:00,3,45.58,60.66,2.52,3.12,136.67,309.75,2025-12-26
Delhi,28.6139,77.209,2025-12-26 14:30:00,3,45.89,59.83,2.27,3.09,139.12,295.17,2025-12-26
Delhi,28.6139,77.209,2025-12-26 15:30:00,4,50.45,64.98,5.84,3.3,123.77,342.07,2025-12-26
Delhi,28.6139,77.209,2025-12-26 16:30:00,4,56.2,72.4,13.72,3.58,96.75,440.26,2025-12-26
Delhi,28.6139,77.209,2025-12-26 17:30:00,4,61.43,79.42,24.85,3.83,72.24,554.43,2025-12-26
Delhi,28.6139,77.209,2025-12-26 18:30:00,4,67.33,87.5,33.53,4.37,53.93,669.47,2025-12-26
Delhi,28.6139,77.209,2025-12-26 19:30:00,5,75.81,98.66,36.88,5.12,43.82,772.58,2025-12-26
Delhi,28.6139,77.209,2025-12-26 20:30:00,5,84.36,109.55,36.6,5.78,37.87,847.33,2025-12-26
Kolkata,22.5744,88.3629,2025-12-19 21:30:00,5,225.61,244.55,7.5,16.73,141.34,912.57,2025-12-19
Kolkata,22.5744,88.3629,2025-12-19 22:30:00,5,227.04,246.89,8.1,15.62,131.7,950.67,2025-12-19
Kolkata,22.5744,88.3629,2025-12-19 23:30:00,5,231.7,252.37,9.05,14.68,121.42,1006.44,2025-12-19
Kolkata,22.5744,88.3629,2025-12-20 00:30:00,5,238.03,259.72,10.43,13.69,109.66,1078.89,2025-12-20
Kolkata,22.5744,88.3629,2025-12-20 01:30:00,5,248.72,271.83,12.28,12.48,97.18,1176.76,2025-12-20
Kolkata,22.5744,88.3629,2025-12-20 02:30:00,5,260.75,285.3,14.38,11.78,86.58,1283.32,2025-12-20
Kolkata,22.5744,88.3629,2025-12-20 03:30:00,5,270.49,295.89,15.8,15.3,85.93,1336.86,2025-12-20
Kolkata,22.5744,88.3629,2025-12-20 04:30:00,5,281.68,308.0,17.54,17.57,80.36,1406.47,2025-12-20
Kolkata,22.5744,88.3629,2025-12-20 05:30:00,5,292.43,319.52,19.36,19.27,72.74,1479.16,2025-12-20
Kolkata,22.5744,88.3629,2025-12-20 06:30:00,5,299.82,327.36,21.15,21.12,65.34,1539.23,2025-12-20
Kolkata,22.5744,88.3629,2025-12-20 07:30:00,5,306.94,334.87,23.76,23.9,59.65,1599.11,2025-12-20
Kolkata,22.5744,88.3629,2025-12-20 08:30:00,5,314.15,342.1,24.97,29.17,61.4,1634.47,2025-12-20
Kolkata,22.5744,88.3629,2025-12-20 09:30:00,5,298.25,322.14,20.79,49.06,86.05,1342.96,2025-12-20
Kolkata,22.5744,88.3629,2025-12-20 10:30:00,5,295.15,318.32,19.89,50.05,108.27,1262.98,2025-12-20
Kolkata,22.5744,88.3629,2025-12-20 11:30:00,5,301.95,325.14,18.91,47.18,137.75,1252.66,2025-12-20
Kolkata,22.5744,88.3629,2025-12-20 12:30:00,5,293.85,314.9,14.02,39.44,168.57,1135.68,2025-12-20
Kolkata,22.5744,88.3629,2025-12-20 13:30:00,5,283.68,303.25,10.82,33.14,184.11,1040.58,2025-12-20
Kolkata,22.5744,88.3629,2025-12-20 14:30:00,5,266.95,285.38,9.53,29.76,187.48,954.16,2025-12-20
Kolkata,22.5744,88.3629,2025-12-20 15:30:00,5,238.46,255.45,9.1,27.0,180.62,850.12,2025-12-20
Kolkata,22.5744,88.3629,2025-12-20 16:30:00,5,225.92,242.59,9.69,24.51,170.57,816.52,2025-12-20
Kolkata,22.5744,88.3629,2025-12-20 17:30:00,5,225.4,242.52,9.79,22.61,161.31,831.44,2025-12-20
Kolkata,22.5744,88.3629,2025-12-20 18:30:00,5,228.15,246.07,9.59,21.02,151.6,859.49,2025-12-20
Kolkata,22.5744,88.3629,2025-12-20 19:30:00,5,232.31,251.31,9.68,20.04,142.59,893.51,2025-12-20
Kolkata,22.5744,88.3629,2025-12-20 20:30:00,5,236.72,256.63,9.94,19.49,133.8,929.43,2025-12-20
Kolkata,22.5744,88.3629,2025-12-20 21:30:00,5,239.59,260.01,10.2,19.24,125.63,951.52,2025-12-20
Kolkata,22.5744,88.3629,2025-12-20 22:30:00,5,244.62,265.57,10.96,18.94,117.58,987.14,2025-12-20
Kolkata,22.5744,88.3629,2025-12-20 23:30:00,5,249.86,270.99,11.82,18.7,109.8,1022.4,2025-12-20
Kolkata,22.5744,88.3629,2025-12-21 00:30:00,5,254.05,275.09,12.48,18.52,102.48,1051.18,2025-12-21
Kolkata,22.5744,88.3629,2025-12-21 01:30:00,5,258.9,280.12,13.15,18.2,95.78,1086.2,2025-12-21
Kolkata,22.5744,88.3629,2025-12-21 02:30:00,5,263.03,284.54,13.98,17.68,89.33,1125.38,2025-12-21
Kolkata,22.5744,88.3629,2025-12-21 03:30:00,5,266.03,287.83,14.95,16.78,82.82,1166.9,2025-12-21
Kolkata,22.5744,88.3629,2025-12-21 04:30:00,5,269.6,291.52,15.98,15.79,77.56,1212.92,2025-12-21
Kolkata,22.5744,88.3629,2025-12-21 05:30:00,5,273.3,295.04,16.83,14.82,73.46,1254.78,2025-12-21
Kolkata,22.5744,88.3629,2025-12-21 06:30:00,5,275.25,296.82,17.78,14.23,70.24,1288.37,2025-12-21
Kolkata,22.5744,88.3629,2025-12-21 07:30:00,5,279.51,301.26,19.28,14.92,69.66,1323.11,2025-12-21
Kolkata,22.5744,88.3629,2025-12-21 08:30:00,5,285.32,306.94,19.1,17.71,76.6,1326.81,2025-12-21
Kolkata,22.5744,88.3629,2025-12-21 09:30:00,5,284.02,304.12,16.31,25.14,99.2,1201.49,2025-12-21
Kolkata,22.5744,88.3629,2025-12-21 10:30:00,5,292.3,312.28,14.57,28.53,124.73,1154.74,2025-12-21
Kolkata,22.5744,88.3629,2025-12-21 11:30:00,5,308.19,328.62,12.63,29.61,155.71,1150.06,2025-12-21
Kolkata,22.5744,88.3629,2025-12-21 12:30:00,5,304.72,323.74,8.97,26.82,183.65,1062.74,2025-12-21
Kolkata,22.5744,88.3629,2025-12-21 13:30:00,5,297.55,315.53,6.84,23.69,197.19,991.38,2025-12-21
Kolkata,22.5744,88.3629,2025-12-21 14:30:00,5,284.66,301.78,6.24,21.76,200.47,933.63,2025-12-21
Kolkata,22.5744,88.3629,2025-12-21 15:30:00,5,264.95,281.16,6.63,19.94,195.07,874.02,2025-12-21
Kolkata,22.5744,88.3629,2025-12-21 16:30:00,5,251.71,267.55,7.49,18.34,185.01,844.68,2025-12-21
Kolkata,22.5744,88.3629,2025-12-21 17:30:00,5,247.02,262.89,7.28,17.55,176.98,839.87,2025-12-21
Kolkata,22.5744,88.3629,2025-12-21 18:30:00,5,244.62,260.78,6.64,16.98,169.82,841.58,2025-12-21
Kolkata,22.5744,88.3629,2025-12-21 19:30:00,5,245.68,262.71,6.72,15.89,161.12,867.33,2025-12-21
Kolkata,22.5744,88.3629,2025-12-21 20:30:00,5,248.77,266.79,7.07,14.74,151.22,907.15,2025-12-21
Kolkata,22.5744,88.3629,2025-12-21 21:30:00,5,250.58,269.47,7.68,13.59,139.79,947.21,2025-12-21
Kolkata,22.5744,88.3629,2025-12-21 22:30:00,5,253.46,273.41,8.86,12.74,126.98,997.72,2025-12-21
Kolkata,22.5744,88.3629,2025-12-21 23:30:00,5,255.72,276.68,10.53,12.5,113.11,1052.3,2025-12-21
Kolkata,22.5744,88.3629,2025-12-22 00:30:00,5,255.32,277.01,12.26,12.92,99.61,1098.43,2025-12-22
Kolkata,22.5744,88.3629,2025-12-22 01:30:00,5,257.96,280.44,14.02,13.05,87.36,1152.92,2025-12-22
Kolkata,22.5744,88.3629,2025-12-22 02:30:00,5,259.03,282.13,15.65,12.94,76.89,1204.73,2025-12-22
Kolkata,22.5744,88.3629,2025-12-22 03:30:00,5,258.51,281.87,17.2,12.83,68.33,1244.45,2025-12-22
Kolkata,22.5744,88.3629,2025-12-22 04:30:00,5,258.74,282.02,18.47,13.02,62.61,1279.19,2025-12-22
Kolkata,22.5744,88.3629,2025-12-22 05:30:00,5,260.44,283.33,19.31,13.29,59.44,1303.0,2025-12-22
Kolkata,22.5744,88.3629,2025-12-22 06:30:00,5,260.23,282.78,20.04,13.57,58.32,1315.46,2025-12-22
Kolkata,22.5744,88.3629,2025-12-22 07:30:00,5,267.97,291.0,21.83,15.06,59.0,1360.74,2025-12-22
Kolkata,22.5744,88.3629,2025-12-22 08:30:00,5,279.61,302.86,21.58,18.68,68.08,1380.16,2025-12-22
Kolkata,22.5744,88.3629,2025-12-22 09:30:00,5,277.14,297.88,19.46,27.95,92.78,1216.15,2025-12-22
Kolkata,22.5744,88.3629,2025-12-22 10:30:00,5,278.36,298.39,17.44,30.94,118.32,1140.58,2025-12-22
Kolkata,22.5744,88.3629,2025-12-22 11:30:00,5,285.46,305.49,15.19,32.04,148.86,1103.27,2025-12-22
Kolkata,22.5744,88.3629,2025-12-22 12:30:00,5,276.59,294.99,11.51,28.27,173.39,1010.22,2025-12-22
Kolkata,22.5744,88.3629,2025-12-22 13:30:00,5,266.66,284.0,9.02,24.45,184.46,941.04,2025-12-22
Kolkata,22.5744,88.3629,2025-12-22 14:30:00,5,251.17,267.75,8.13,22.55,187.37,881.78,2025-12-22
Kolkata,22.5744,88.3629,2025-12-22 15:30:00,5,238.44,254.8,8.73,21.49,185.02,852.37,2025-12-22
Kolkata,22.5744,88.3629,2025-12-22 16:30:00,5,232.94,249.81,10.39,20.6,175.87,858.2,2025-12-22
Kolkata,22.5744,88.3629,2025-12-22 17:30:00,5,234.83,252.75,11.12,19.73,165.78,894.07,2025-12-22
Kolkata,22.5744,88.3629,2025-12-22 18:30:00,5,240.54,259.72,10.92,18.45,156.05,938.7,2025-12-22
Kolkata,22.5744,88.3629,2025-12-22 19:30:00,5,250.12,270.87,10.92,17.37,146.89,998.02,2025-12-22
Kolkata,22.5744,88.3629,2025-12-22 20:30:00,5,261.95,284.18,11.11,16.28,138.21,1068.12,2025-12-22
Kolkata,22.5744,88.3629,2025-12-22 21:30:00,5,271.66,294.86,11.39,15.38,129.82,1126.28,2025-12-22
Kolkata,22.5744,88.3629,2025-12-22 22:30:00,5,280.93,305.71,12.64,14.14,118.68,1203.73,2025-12-22
Kolkata,22.5744,88.3629,2025-12-22 23:30:00,5,287.17,313.41,14.61,13.04,104.73,1285.8,2025-12-22
Kolkata,22.5744,88.3629,2025-12-23 00:30:00,5,278.72,305.28,16.65,12.96,91.0,1321.96,2025-12-23
Kolkata,22.5744,88.3629,2025-12-23 01:30:00,5,279.22,305.73,18.41,13.02,81.13,1367.59,2025-12-23
Kolkata,22.5744,88.3629,2025-12-23 02:30:00,5,284.43,310.28,19.36,13.71,76.45,1399.11,2025-12-23
Kolkata,22.5744,88.3629,2025-12-23 03:30:00,5,288.85,313.62,19.54,14.64,75.16,1406.58,2025-12-23
Kolkata,22.5744,88.3629,2025-12-23 04:30:00,5,294.92,318.91,19.88,15.28,74.77,1423.46,2025-12-23
Kolkata,22.5744,88.3629,2025-12-23 05:30:00,5,301.63,324.98,20.06,16.23,74.74,1443.99,2025-12-23
Kolkata,22.5744,88.3629,2025-12-23 06:30:00,5,299.28,318.0,11.43,17.59,87.35,1232.34,2025-12-23
Kolkata,22.5744,88.3629,2025-12-23 07:30:00,5,310.66,330.39,13.04,22.65,85.99,1253.15,2025-12-23
Kolkata,22.5744,88.3629,2025-12-23 08:30:00,5,325.25,346.17,14.41,30.88,87.58,1281.96,2025-12-23
Kolkata,22.5744,88.3629,2025-12-23 09:30:00,5,319.05,340.31,13.86,49.82,102.64,1226.8,2025-12-23
Kolkata,22.5744,88.3629,2025-12-23 10:30:00,5,321.79,343.5,13.41,54.93,122.65,1207.54,2025-12-23
Kolkata,22.5744,88.3629,2025-12-23 11:30:00,5,333.76,356.01,12.55,53.15,149.59,1205.64,2025-12-23
Kolkata,22.5744,88.3629,2025-12-23 12:30:00,5,350.66,373.22,10.73,50.35,180.54,1193.13,2025-12-23
Kolkata,22.5744,88.3629,2025-12-23 13:30:00,5,362.58,385.04,8.92,47.34,203.63,1154.33,2025-12-23
Kolkata,22.5744,88.3629,2025-12-23 14:30:00,5,364.31,386.44,8.21,45.13,219.45,1114.21,2025-12-23
Kolkata,22.5744,88.3629,2025-12-23 15:30:00,5,361.03,382.87,8.74,43.36,227.35,1084.57,2025-12-23
Kolkata,22.5744,88.3629,2025-12-23 16:30:00,5,355.4,376.9,9.95,41.37,223.69,1068.91,2025-12-23
Kolkata,22.5744,88.3629,2025-12-23 17:30:00,5,349.09,370.11,9.7,38.77,214.49,1046.07,2025-12-23
Kolkata,22.5744,88.3629,2025-12-23 18:30:00,5,341.61,362.05,7.65,34.03,204.64,1014.46,2025-12-23
Kolkata,22.5744,88.3629,2025-12-23 19:30:00,5,335.17,355.04,6.14,30.18,198.29,987.72,2025-12-23
Kolkata,22.5744,88.3629,2025-12-23 20:30:00,5,324.99,343.72,4.74,27.35,193.62,947.33,2025-12-23
Kolkata,22.5744,88.3629,2025-12-23 21:30:00,5,313.32,331.37,4.37,23.61,186.24,916.5,2025-12-23
Kolkata,22.5744,88.3629,2025-12-23 22:30:00,5,310.64,328.91,4.85,19.35,176.74,922.53,2025-12-23
Kolkata,22.5744,88.3629,2025-12-23 23:30:00,5,311.66,329.93,5.23,16.31,167.38,941.51,2025-12-23
Kolkata,22.5744,88.3629,2025-12-24 00:30:00,5,316.92,335.52,5.6,14.81,158.3,977.08,2025-12-24
Kolkata,22.5744,88.3629,2025-12-24 01:30:00,5,325.5,344.84,6.14,13.86,149.36,1033.61,2025-12-24
Kolkata,22.5744,88.3629,2025-12-24 02:30:00,5,339.12,356.78,7.12,13.41,139.93,1115.51,2025-12-24
Kolkata,22.5744,88.3629,2025-12-24 03:30:00,5,356.23,371.34,8.75,13.64,129.11,1233.19,2025-12-24
Kolkata,22.5744,88.3629,2025-12-24 04:30:00,5,376.79,391.69,10.73,14.24,117.97,1378.15,2025-12-24
Kolkata,22.5744,88.3629,2025-12-24 05:30:00,5,398.3,413.83,12.88,14.81,107.58,1529.3,2025-12-24
Kolkata,22.5744,88.3629,2025-12-24 06:30:00,5,421.4,440.26,15.49,15.87,98.65,1689.24,2025-12-24
Kolkata,22.5744,88.3629,2025-12-24 07:30:00,5,446.73,472.29,18.17,17.12,95.4,1838.84,2025-12-24
Kolkata,22.5744,88.3629,2025-12-24 08:30:00,5,471.33,502.07,19.73,18.67,98.29,1950.04,2025-12-24
Kolkata,22.5744,88.3629,2025-12-24 09:30:00,5,473.86,505.06,16.22,30.77,124.73,1792.5,2025-12-24
Kolkata,22.5744,88.3629,2025-12-24 10:30:00,5,476.13,507.56,14.28,39.24,147.62,1712.53,2025-12-24
Kolkata,22.5744,88.3629,2025-12-24 11:30:00,5,480.98,513.01,13.24,43.28,170.97,1706.39,2025-12-24
Kolkata,22.5744,88.3629,2025-12-24 12:30:00,5,465.75,496.18,10.53,50.04,202.21,1571.79,2025-12-24
Kolkata,22.5744,88.3629,2025-12-24 13:30:00,5,456.11,485.25,8.85,48.65,218.69,1478.21,2025-12-24
Kolkata,22.5744,88.3629,2025-12-24 14:30:00,5,451.87,480.19,8.56,46.45,225.33,1423.49,2025-12-24
Kolkata,22.5744,88.3629,2025-12-24 15:30:00,5,448.26,476.04,9.17,45.15,225.87,1390.13,2025-12-24
Kolkata,22.5744,88.3629,2025-12-24 16:30:00,5,441.91,469.29,10.14,42.73,218.63,1372.31,2025-12-24
Kolkata,22.5744,88.3629,2025-12-24 17:30:00,5,435.91,463.06,9.84,40.24,209.4,1358.76,2025-12-24
Kolkata,22.5744,88.3629,2025-12-24 18:30:00,5,432.78,460.3,9.37,37.78,199.79,1361.66,2025-12-24
Kolkata,22.5744,88.3629,2025-12-24 19:30:00,5,431.18,459.69,9.59,33.99,189.19,1389.66,2025-12-24
Kolkata,22.5744,88.3629,2025-12-24 20:30:00,5,428.39,457.83,10.16,29.58,177.47,1432.12,2025-12-24
Kolkata,22.5744,88.3629,2025-12-24 21:30:00,5,423.49,453.59,10.9,25.54,164.17,1473.22,2025-12-24
Kolkata,22.5744,88.3629,2025-12-24 22:30:00,5,417.28,447.7,12.04,22.3,150.36,1525.92,2025-12-24
Kolkata,22.5744,88.3629,2025-12-24 23:30:00,5,403.48,433.0,12.8,20.12,137.27,1552.78,2025-12-24
Kolkata,22.5744,88.3629,2025-12-25 00:30:00,5,354.32,379.32,10.46,26.08,142.99,1385.16,2025-12-25
Kolkata,22.5744,88.3629,2025-12-25 01:30:00,5,320.53,342.62,9.16,29.76,141.66,1273.73,2025-12-25
Kolkata,22.5744,88.3629,2025-12-25 02:30:00,5,301.75,322.03,8.39,33.03,135.84,1213.56,2025-12-25
Kolkata,22.5744,88.3629,2025-12-25 03:30:00,5,293.33,312.34,8.23,35.29,126.69,1183.13,2025-12-25
Kolkata,22.5744,88.3629,2025-12-25 04:30:00,5,294.21,312.59,8.8,35.1,115.42,1180.3,2025-12-25
Kolkata,22.5744,88.3629,2025-12-25 05:30:00,5,297.32,315.6,9.84,33.2,104.26,1201.46,2025-12-25
Kolkata,22.5744,88.3629,2025-12-25 06:30:00,5,295.36,314.35,11.58,31.04,93.5,1228.94,2025-12-25
Kolkata,22.5744,88.3629,2025-12-25 07:30:00,5,291.21,311.49,15.23,30.72,87.54,1264.23,2025-12-25
Kolkata,22.5744,88.3629,2025-12-25 08:30:00,5,280.35,301.23,17.47,32.27,90.01,1245.55,2025-12-25
Kolkata,22.5744,88.3629,2025-12-25 09:30:00,5,251.66,271.44,16.31,34.09,104.78,1123.21,2025-12-25
Kolkata,22.5744,88.3629,2025-12-25 10:30:00,5,235.8,254.84,14.19,32.32,126.41,1044.57,2025-12-25
Kolkata,22.5744,88.3629,2025-12-25 11:30:00,5,237.0,255.99,11.46,29.57,153.18,1019.35,2025-12-25
Kolkata,22.5744,88.3629,2025-12-25 12:30:00,5,206.98,224.66,6.38,24.29,177.36,866.01,2025-12-25
Kolkata,22.5744,88.3629,2025-12-25 13:30:00,5,189.22,206.42,3.81,20.32,186.81,764.33,2025-12-25
Kolkata,22.5744,88.3629,2025-12-25 14:30:00,5,187.08,204.61,3.31,18.65,190.96,733.64,2025-12-25
Kolkata,22.5744,88.3629,2025-12-25 15:30:00,5,187.25,205.21,3.67,17.9,192.6,722.79,2025-12-25
Kolkata,22.5744,88.3629,2025-12-25 16:30:00,5,186.66,204.81,4.39,17.88,189.44,716.6,2025-12-25
Kolkata,22.5744,88.3629,2025-12-25 17:30:00,5,185.93,204.18,4.6,18.9,185.81,713.99,2025-12-25
Kolkata,22.5744,88.3629,2025-12-25 18:30:00,5,192.49,211.41,5.3,19.01,178.48,742.94,2025-12-25
Kolkata,22.5744,88.3629,2025-12-25 19:30:00,5,204.86,225.17,6.79,17.89,167.88,803.63,2025-12-25
Kolkata,22.5744,88.3629,2025-12-25 20:30:00,5,215.08,236.93,8.11,17.03,156.76,873.24,2025-12-25
Kolkata,22.5744,88.3629,2025-12-25 21:30:00,5,222.04,245.28,9.0,17.3,146.76,931.06,2025-12-25
Kolkata,22.5744,88.3629,2025-12-25 22:30:00,5,229.79,253.95,9.81,18.17,136.2,990.73,2025-12-25
Kolkata,22.5744,88.3629,2025-12-25 23:30:00,5,236.74,261.15,10.31,19.77,126.39,1042.55,2025-12-25
Kolkata,22.5744,88.3629,2025-12-26 00:30:00,5,241.08,265.26,10.59,22.21,117.67,1075.73,2025-12-26
Kolkata,22.5744,88.3629,2025-12-26 01:30:00,5,244.69,268.61,11.07,24.78,109.25,1113.5,2025-12-26
Kolkata,22.5744,88.3629,2025-12-26 02:30:00,5,248.14,271.76,12.06,26.63,100.34,1160.1,2025-12-26
Kolkata,22.5744,88.3629,2025-12-26 03:30:00,5,251.35,274.4,13.4,27.56,90.97,1204.31,2025-12-26
Kolkata,22.5744,88.3629,2025-12-26 04:30:00,5,255.78,277.95,14.62,28.19,82.77,1238.1,2025-12-26
Kolkata,22.5744,88.3629,2025-12-26 05:30:00,5,256.71,277.83,15.26,28.25,76.89,1238.34,2025-12-26
Kolkata,22.5744,88.3629,2025-12-26 06:30:00,5,248.13,268.38,15.09,28.69,75.08,1194.12,2025-12-26
Kolkata,22.5744,88.3629,2025-12-26 07:30:00,5,238.44,258.35,15.95,27.75,76.11,1153.11,2025-12-26
Kolkata,22.5744,88.3629,2025-12-26 08:30:00,5,225.61,245.17,15.71,27.39,83.41,1096.7,2025-12-26
Kolkata,22.5744,88.3629,2025-12-26 09:30:00,5,207.66,226.2,13.1,27.93,100.33,992.06,2025-12-26
Kolkata,22.5744,88.3629,2025-12-26 10:30:00,5,196.59,214.11,10.69,27.53,121.94,917.33,2025-12-26
Kolkata,22.5744,88.3629,2025-12-26 11:30:00,5,195.17,211.96,8.71,26.95,145.85,878.02,2025-12-26
Kolkata,22.5744,88.3629,2025-12-26 12:30:00,5,172.62,187.05,5.57,24.38,167.66,757.13,2025-12-26
Kolkata,22.5744,88.3629,2025-12-26 13:30:00,5,151.82,164.61,3.79,21.82,177.71,659.84,2025-12-26
Kolkata,22.5744,88.3629,2025-12-26 14:30:00,5,146.97,159.42,3.61,21.65,184.46,636.43,2025-12-26
Kolkata,22.5744,88.3629,2025-12-26 15:30:00,5,150.83,163.64,4.74,21.69,187.31,650.74,2025-12-26
Kolkata,22.5744,88.3629,2025-12-26 16:30:00,5,154.47,168.1,7.11,21.07,181.68,686.91,2025-12-26
Kolkata,22.5744,88.3629,2025-12-26 17:30:00,5,156.77,171.52,8.84,20.55,172.2,732.45,2025-12-26
Kolkata,22.5744,88.3629,2025-12-26 18:30:00,5,161.73,177.86,9.78,20.64,163.66,787.52,2025-12-26
Kolkata,22.5744,88.3629,2025-12-26 19:30:00,5,169.34,186.69,10.2,21.57,157.12,845.1,2025-12-26
Kolkata,22.5744,88.3629,2025-12-26 20:30:00,5,177.98,195.98,10.09,23.08,151.63,894.29,2025-12-26
Mumbai,18.9582,72.8321,2025-12-19 21:30:00,5,129.27,146.39,1.93,20.83,203.01,444.21,2025-12-19
Mumbai,18.9582,72.8321,2025-12-19 22:30:00,5,119.61,136.95,1.99,18.73,188.51,417.41,2025-12-19
Mumbai,18.9582,72.8321,2025-12-19 23:30:00,5,109.4,126.4,2.33,18.32,171.74,400.82,2025-12-19
Mumbai,18.9582,72.8321,2025-12-20 00:30:00,5,100.07,116.54,2.96,20.69,152.11,398.25,2025-12-20
Mumbai,18.9582,72.8321,2025-12-20 01:30:00,5,95.93,112.44,3.59,23.79,134.87,416.52,2025-12-20
Mumbai,18.9582,72.8321,2025-12-20 02:30:00,5,94.98,111.72,4.07,26.22,120.6,445.12,2025-12-20
Mumbai,18.9582,72.8321,2025-12-20 03:30:00,5,94.33,111.4,4.36,27.31,108.87,470.91,2025-12-20
Mumbai,18.9582,72.8321,2025-12-20 04:30:00,5,93.15,110.74,4.5,26.95,99.25,490.85,2025-12-20
Mumbai,18.9582,72.8321,2025-12-20 05:30:00,5,90.8,108.78,4.5,25.62,92.09,503.86,2025-12-20
Mumbai,18.9582,72.8321,2025-12-20 06:30:00,5,86.34,103.29,4.35,23.32,87.53,504.78,2025-12-20
Mumbai,18.9582,72.8321,2025-12-20 07:30:00,5,79.43,94.81,4.13,20.18,84.37,489.24,2025-12-20
Mumbai,18.9582,72.8321,2025-12-20 08:30:00,4,69.79,83.05,4.29,16.57,84.4,450.89,2025-12-20
Mumbai,18.9582,72.8321,2025-12-20 09:30:00,4,59.17,69.82,3.77,12.65,90.1,391.81,2025-12-20
Mumbai,18.9582,72.8321,2025-12-20 10:30:00,4,51.28,59.7,3.0,9.66,100.61,335.07,2025-12-20
Mumbai,18.9582,72.8321,2025-12-20 11:30:00,3,47.09,53.98,2.25,8.14,112.73,292.58,2025-12-20
Mumbai,18.9582,72.8321,2025-12-20 12:30:00,3,46.13,52.09,1.67,7.57,123.88,265.29,2025-12-20
Mumbai,18.9582,72.8321,2025-12-20 13:30:00,3,47.0,52.51,1.31,7.38,133.12,250.39,2025-12-20
Mumbai,18.9582,72.8321,2025-12-20 14:30:00,4,48.32,53.61,1.15,7.5,141.52,241.63,2025-12-20
Mumbai,18.9582,72.8321,2025-12-20 15:30:00,4,50.51,55.84,1.13,7.75,149.9,239.53,2025-12-20
Mumbai,18.9582,72.8321,2025-12-20 16:30:00,4,53.32,59.01,1.24,7.91,156.16,243.09,2025-12-20
Mumbai,18.9582,72.8321,2025-12-20 17:30:00,4,56.81,63.04,1.46,8.31,161.46,253.37,2025-12-20
Mumbai,18.9582,72.8321,2025-12-20 18:30:00,4,62.27,69.31,1.65,9.75,168.61,275.61,2025-12-20
Mumbai,18.9582,72.8321,2025-12-20 19:30:00,4,70.66,79.09,1.53,11.86,177.9,310.25,2025-12-20
Mumbai,18.9582,72.8321,2025-12-20 20:30:00,5,78.21,88.07,1.45,13.66,185.16,340.09,2025-12-20
Mumbai,18.9582,72.8321,2025-12-20 21:30:00,5,81.65,92.3,1.46,14.73,187.08,351.8,2025-12-20
Mumbai,18.9582,72.8321,2025-12-20 22:30:00,5,81.9,93.24,1.48,14.76,184.23,352.27,2025-12-20
Mumbai,18.9582,72.8321,2025-12-20 23:30:00,5,81.74,93.67,1.56,14.9,178.1,350.74,2025-12-20
Mumbai,18.9582,72.8321,2025-12-21 00:30:00,5,82.44,94.7,1.69,15.65,169.87,352.44,2025-12-21
Mumbai,18.9582,72.8321,2025-12-21 01:30:00,5,83.24,95.87,1.8,16.26,160.66,357.95,2025-12-21
Mumbai,18.9582,72.8321,2025-12-21 02:30:00,5,82.99,95.61,1.87,16.45,150.89,363.58,2025-12-21
Mumbai,18.9582,72.8321,2025-12-21 03:30:00,5,81.73,94.18,1.93,16.17,140.68,368.99,2025-12-21
Mumbai,18.9582,72.8321,2025-12-21 04:30:00,5,80.29,92.75,1.95,15.32,132.03,375.24,2025-12-21
Mumbai,18.9582,72.8321,2025-12-21 05:30:00,5,78.02,90.43,1.9,13.71,124.59,376.8,2025-12-21
Mumbai,18.9582,72.8321,2025-12-21 06:30:00,4,73.73,85.67,1.82,11.17,117.32,365.45,2025-12-21
Mumbai,18.9582,72.8321,2025-12-21 07:30:00,4,68.38,79.53,1.76,8.5,110.96,343.06,2025-12-21
Mumbai,18.9582,72.8321,2025-12-21 08:30:00,4,63.76,74.06,2.02,6.42,106.21,320.28,2025-12-21
Mumbai,18.9582,72.8321,2025-12-21 09:30:00,4,60.3,69.62,2.21,4.94,103.47,299.18,2025-12-21
Mumbai,18.9582,72.8321,2025-12-21 10:30:00,4,59.22,67.67,2.14,4.12,105.99,285.21,2025-12-21
Mumbai,18.9582,72.8321,2025-12-21 11:30:00,4,60.56,68.39,1.83,3.8,113.83,277.72,2025-12-21
Mumbai,18.9582,72.8321,2025-12-21 12:30:00,4,63.51,71.0,1.44,3.77,124.79,274.01,2025-12-21
Mumbai,18.9582,72.8321,2025-12-21 13:30:00,4,66.59,73.87,1.18,3.77,134.53,271.95,2025-12-21
Mumbai,18.9582,72.8321,2025-12-21 14:30:00,4,69.35,76.48,1.08,3.79,142.18,271.78,2025-12-21
Mumbai,18.9582,72.8321,2025-12-21 15:30:00,4,71.73,78.8,1.09,3.8,148.51,273.0,2025-12-21
Mumbai,18.9582,72.8321,2025-12-21 16:30:00,4,72.93,80.01,1.18,3.74,152.19,273.04,2025-12-21
Mumbai,18.9582,72.8321,2025-12-21 17:30:00,4,73.35,80.45,1.31,3.64,153.25,272.14,2025-12-21
Mumbai,18.9582,72.8321,2025-12-21 18:30:00,4,73.44,80.51,1.27,3.53,153.04,270.34,2025-12-21
Mumbai,18.9582,72.8321,2025-12-21 19:30:00,4,73.18,80.22,1.0,3.4,151.75,266.8,2025-12-21
Mumbai,18.9582,72.8321,2025-12-21 20:30:00,4,72.73,79.95,0.82,3.33,149.91,263.37,2025-12-21
Mumbai,18.9582,72.8321,2025-12-21 21:30:00,4,72.77,80.36,0.79,3.59,148.03,264.93,2025-12-21
Mumbai,18.9582,72.8321,2025-12-21 22:30:00,4,74.48,82.85,0.92,4.53,147.19,279.44,2025-12-21
Mumbai,18.9582,72.8321,2025-12-21 23:30:00,5,77.94,87.57,1.19,6.3,146.99,306.59,2025-12-21
Mumbai,18.9582,72.8321,2025-12-22 00:30:00,5,82.04,92.88,1.57,8.54,146.47,333.12,2025-12-22
Mumbai,18.9582,72.8321,2025-12-22 01:30:00,5,85.47,97.67,1.88,10.01,144.77,353.32,2025-12-22
Mumbai,18.9582,72.8321,2025-12-22 02:30:00,5,87.7,101.01,2.17,10.89,141.4,368.75,2025-12-22
Mumbai,18.9582,72.8321,2025-12-22 03:30:00,5,88.6,102.31,2.44,11.49,135.97,379.7,2025-12-22
Mumbai,18.9582,72.8321,2025-12-22 04:30:00,5,89.67,103.87,2.74,12.17,127.75,393.48,2025-12-22
Mumbai,18.9582,72.8321,2025-12-22 05:30:00,5,91.89,106.43,3.03,13.07,118.4,414.2,2025-12-22
Mumbai,18.9582,72.8321,2025-12-22 06:30:00,5,94.69,109.25,3.23,13.52,109.86,435.97,2025-12-22
Mumbai,18.9582,72.8321,2025-12-22 07:30:00,5,96.86,111.17,3.2,13.04,104.52,449.86,2025-12-22
Mumbai,18.9582,72.8321,2025-12-22 08:30:00,5,97.64,111.2,3.41,11.61,103.31,449.86,2025-12-22
Mumbai,18.9582,72.8321,2025-12-22 09:30:00,5,97.46,109.51,3.22,9.14,108.02,431.65,2025-12-22
Mumbai,18.9582,72.8321,2025-12-22 10:30:00,5,98.65,109.17,2.66,6.93,118.46,409.72,2025-12-22
Mumbai,18.9582,72.8321,2025-12-22 11:30:00,5,101.32,110.72,2.0,5.46,131.54,390.99,2025-12-22
Mumbai,18.9582,72.8321,2025-12-22 12:30:00,5,104.73,113.34,1.48,4.6,144.1,375.4,2025-12-22
Mumbai,18.9582,72.8321,2025-12-22 13:30:00,5,107.9,116.17,1.22,4.17,151.58,368.25,2025-12-22
Mumbai,18.9582,72.8321,2025-12-22 14:30:00,5,110.51,118.5,1.15,4.13,157.58,364.28,2025-12-22
Mumbai,18.9582,72.8321,2025-12-22 15:30:00,5,113.15,120.96,1.19,4.45,163.94,363.53,2025-12-22
Mumbai,18.9582,72.8321,2025-12-22 16:30:00,5,114.49,122.28,1.28,4.81,167.75,361.4,2025-12-22
Mumbai,18.9582,72.8321,2025-12-22 17:30:00,5,114.61,122.53,1.38,4.98,169.44,358.11,2025-12-22
Mumbai,18.9582,72.8321,2025-12-22 18:30:00,5,114.26,122.36,1.31,4.96,170.62,356.73,2025-12-22
Mumbai,18.9582,72.8321,2025-12-22 19:30:00,5,115.52,124.25,1.12,5.33,170.81,362.91,2025-12-22
Mumbai,18.9582,72.8321,2025-12-22 20:30:00,5,119.19,129.01,1.14,6.56,172.37,383.41,2025-12-22
Mumbai,18.9582,72.8321,2025-12-22 21:30:00,5,125.01,136.53,1.3,8.61,175.18,416.84,2025-12-22
Mumbai,18.9582,72.8321,2025-12-22 22:30:00,5,132.14,145.69,1.53,11.01,179.35,456.88,2025-12-22
Mumbai,18.9582,72.8321,2025-12-22 23:30:00,5,139.05,154.58,1.82,13.3,183.12,494.37,2025-12-22
Mumbai,18.9582,72.8321,2025-12-23 00:30:00,5,142.11,158.71,2.13,14.82,183.7,514.19,2025-12-23
Mumbai,18.9582,72.8321,2025-12-23 01:30:00,5,141.63,159.14,2.49,15.53,178.83,523.59,2025-12-23
Mumbai,18.9582,72.8321,2025-12-23 02:30:00,5,139.54,157.86,2.95,16.63,168.31,526.29,2025-12-23
Mumbai,18.9582,72.8321,2025-12-23 03:30:00,5,136.5,154.93,3.43,18.43,153.59,522.94,2025-12-23
Mumbai,18.9582,72.8321,2025-12-23 04:30:00,5,135.17,153.85,3.97,21.08,136.33,530.46,2025-12-23
Mumbai,18.9582,72.8321,2025-12-23 05:30:00,5,135.33,154.57,4.53,23.87,118.91,550.9,2025-12-23
Mumbai,18.9582,72.8321,2025-12-23 06:30:00,5,134.44,153.96,5.02,25.41,103.74,575.73,2025-12-23
Mumbai,18.9582,72.8321,2025-12-23 07:30:00,5,130.92,150.44,5.37,24.81,92.73,591.09,2025-12-23
Mumbai,18.9582,72.8321,2025-12-23 08:30:00,5,124.78,143.44,6.21,22.47,87.51,586.95,2025-12-23
Mumbai,18.9582,72.8321,2025-12-23 09:30:00,5,118.1,134.76,6.19,18.89,91.01,559.09,2025-12-23
Mumbai,18.9582,72.8321,2025-12-23 10:30:00,5,114.79,129.12,5.14,15.53,105.71,521.54,2025-12-23
Mumbai,18.9582,72.8321,2025-12-23 11:30:00,5,115.44,127.72,3.66,13.03,126.0,484.57,2025-12-23
Mumbai,18.9582,72.8321,2025-12-23 12:30:00,5,116.3,126.32,2.36,10.66,146.63,438.66,2025-12-23
Mumbai,18.9582,72.8321,2025-12-23 13:30:00,5,118.52,127.37,1.69,9.22,159.29,413.0,2025-12-23
Mumbai,18.9582,72.8321,2025-12-23 14:30:00,5,120.71,128.94,1.43,8.51,167.34,398.9,2025-12-23
Mumbai,18.9582,72.8321,2025-12-23 15:30:00,5,122.46,130.23,1.34,8.11,174.4,390.28,2025-12-23
Mumbai,18.9582,72.8321,2025-12-23 16:30:00,5,121.98,129.35,1.37,7.78,178.46,380.44,2025-12-23
Mumbai,18.9582,72.8321,2025-12-23 17:30:00,5,119.54,126.64,1.45,7.39,180.06,368.96,2025-12-23
Mumbai,18.9582,72.8321,2025-12-23 18:30:00,5,116.64,123.69,1.47,7.27,180.64,362.57,2025-12-23
Mumbai,18.9582,72.8321,2025-12-23 19:30:00,5,115.08,122.63,1.29,7.78,181.7,367.71,2025-12-23
Mumbai,18.9582,72.8321,2025-12-23 20:30:00,5,115.03,123.55,1.23,8.84,183.12,383.05,2025-12-23
Mumbai,18.9582,72.8321,2025-12-23 21:30:00,5,117.3,127.31,1.3,10.15,184.76,403.07,2025-12-23
Mumbai,18.9582,72.8321,2025-12-23 22:30:00,5,121.22,133.17,1.39,11.34,186.55,418.95,2025-12-23
Mumbai,18.9582,72.8321,2025-12-23 23:30:00,5,122.92,136.9,1.58,12.78,183.5,424.04,2025-12-23
Mumbai,18.9582,72.8321,2025-12-24 00:30:00,5,120.26,135.15,2.0,15.56,172.29,419.96,2025-12-24
Mumbai,18.9582,72.8321,2025-12-24 01:30:00,5,115.66,131.47,2.59,18.45,155.34,428.44,2025-12-24
Mumbai,18.9582,72.8321,2025-12-24 02:30:00,5,110.66,126.72,3.36,21.1,136.74,446.06,2025-12-24
Mumbai,18.9582,72.8321,2025-12-24 03:30:00,5,105.17,121.24,4.24,23.06,118.22,465.3,2025-12-24
Mumbai,18.9582,72.8321,2025-12-24 04:30:00,5,102.23,118.79,5.02,24.0,103.3,491.0,2025-12-24
Mumbai,18.9582,72.8321,2025-12-24 05:30:00,5,100.85,117.88,5.4,23.37,93.23,513.29,2025-12-24
Mumbai,18.9582,72.8321,2025-12-24 06:30:00,5,96.62,113.43,5.2,20.49,87.28,509.98,2025-12-24
Mumbai,18.9582,72.8321,2025-12-24 07:30:00,5,88.07,102.97,4.6,16.21,84.86,473.13,2025-12-24
Mumbai,18.9582,72.8321,2025-12-24 08:30:00,5,77.51,89.93,4.43,11.93,85.87,415.19,2025-12-24
Mumbai,18.9582,72.8321,2025-12-24 09:30:00,4,68.69,78.57,3.83,8.47,91.47,354.14,2025-12-24
Mumbai,18.9582,72.8321,2025-12-24 10:30:00,4,65.12,73.13,2.95,6.41,101.61,311.68,2025-12-24
Mumbai,18.9582,72.8321,2025-12-24 11:30:00,4,66.37,73.29,2.12,5.6,114.5,290.29,2025-12-24
Mumbai,18.9582,72.8321,2025-12-24 12:30:00,4,70.25,76.34,1.49,5.26,127.74,278.07,2025-12-24
Mumbai,18.9582,72.8321,2025-12-24 13:30:00,4,74.1,79.69,1.16,5.05,136.85,271.88,2025-12-24
Mumbai,18.9582,72.8321,2025-12-24 14:30:00,5,77.38,82.62,1.04,4.94,143.36,268.63,2025-12-24
Mumbai,18.9582,72.8321,2025-12-24 15:30:00,5,80.59,85.77,1.06,4.83,148.33,269.18,2025-12-24
Mumbai,18.9582,72.8321,2025-12-24 16:30:00,5,82.59,87.82,1.15,4.64,150.17,270.35,2025-12-24
Mumbai,18.9582,72.8321,2025-12-24 17:30:00,5,82.9,87.99,1.26,4.49,150.15,266.72,2025-12-24
Mumbai,18.9582,72.8321,2025-12-24 18:30:00,5,82.47,87.47,1.23,4.45,150.19,260.0,2025-12-24
Mumbai,18.9582,72.8321,2025-12-24 19:30:00,5,82.98,88.49,1.07,4.88,150.08,261.3,2025-12-24
Mumbai,18.9582,72.8321,2025-12-24 20:30:00,5,85.77,92.52,1.15,6.29,152.79,278.9,2025-12-24
Mumbai,18.9582,72.8321,2025-12-24 21:30:00,5,89.97,98.51,1.33,8.21,156.24,303.89,2025-12-24
Mumbai,18.9582,72.8321,2025-12-24 22:30:00,5,93.22,103.83,1.56,10.07,157.32,324.85,2025-12-24
Mumbai,18.9582,72.8321,2025-12-24 23:30:00,5,94.07,106.48,1.94,12.17,154.21,340.32,2025-12-24
Mumbai,18.9582,72.8321,2025-12-25 00:30:00,5,90.39,103.08,2.52,14.48,145.18,344.51,2025-12-25
Mumbai,18.9582,72.8321,2025-12-25 01:30:00,5,87.17,100.33,3.2,16.93,133.56,353.23,2025-12-25
Mumbai,18.9582,72.8321,2025-12-25 02:30:00,5,85.41,99.29,3.99,19.9,120.94,373.8,2025-12-25
Mumbai,18.9582,72.8321,2025-12-25 03:30:00,5,84.37,98.55,4.74,22.73,108.71,398.26,2025-12-25
Mumbai,18.9582,72.8321,2025-12-25 04:30:00,5,84.34,98.66,5.3,24.82,98.02,425.21,2025-12-25
Mumbai,18.9582,72.8321,2025-12-25 05:30:00,5,85.25,100.3,5.6,25.94,89.67,450.77,2025-12-25
Mumbai,18.9582,72.8321,2025-12-25 06:30:00,5,86.65,102.13,5.61,25.8,83.5,472.82,2025-12-25
Mumbai,18.9582,72.8321,2025-12-25 07:30:00,5,87.62,102.95,5.24,24.06,80.59,483.35,2025-12-25
Mumbai,18.9582,72.8321,2025-12-25 08:30:00,5,87.38,102.02,5.16,20.74,81.82,474.46,2025-12-25
Mumbai,18.9582,72.8321,2025-12-25 09:30:00,5,86.84,100.1,4.37,16.26,89.28,444.95,2025-12-25
Mumbai,18.9582,72.8321,2025-12-25 10:30:00,5,89.39,100.93,3.24,12.22,104.96,409.13,2025-12-25
Mumbai,18.9582,72.8321,2025-12-25 11:30:00,5,96.39,106.39,2.27,9.64,124.48,379.0,2025-12-25
Mumbai,18.9582,72.8321,2025-12-25 12:30:00,5,106.23,114.98,1.58,8.15,144.85,353.97,2025-12-25
Mumbai,18.9582,72.8321,2025-12-25 13:30:00,5,112.67,120.82,1.22,7.27,156.01,341.45,2025-12-25
Mumbai,18.9582,72.8321,2025-12-25 14:30:00,5,116.47,124.28,1.09,6.86,162.96,335.18,2025-12-25
Mumbai,18.9582,72.8321,2025-12-25 15:30:00,5,118.99,126.66,1.09,6.62,167.66,332.81,2025-12-25
Mumbai,18.9582,72.8321,2025-12-25 16:30:00,5,119.73,127.35,1.16,6.38,169.46,330.81,2025-12-25
Mumbai,18.9582,72.8321,2025-12-25 17:30:00,5,119.34,126.8,1.25,6.18,169.35,326.71,2025-12-25
Mumbai,18.9582,72.8321,2025-12-25 18:30:00,5,117.98,125.14,1.17,6.03,168.77,320.9,2025-12-25
Mumbai,18.9582,72.8321,2025-12-25 19:30:00,5,116.12,123.14,0.91,5.79,166.82,313.84,2025-12-25
Mumbai,18.9582,72.8321,2025-12-25 20:30:00,5,114.36,121.36,0.75,5.53,164.27,304.78,2025-12-25
Mumbai,18.9582,72.8321,2025-12-25 21:30:00,5,113.38,120.56,0.68,5.44,161.74,300.61,2025-12-25
Mumbai,18.9582,72.8321,2025-12-25 22:30:00,5,114.2,121.96,0.71,5.83,159.96,307.33,2025-12-25
Mumbai,18.9582,72.8321,2025-12-25 23:30:00,5,116.88,125.56,0.88,7.07,158.37,327.69,2025-12-25
Mumbai,18.9582,72.8321,2025-12-26 00:30:00,5,120.81,130.2,1.14,9.36,157.52,358.61,2025-12-26
Mumbai,18.9582,72.8321,2025-12-26 01:30:00,5,125.4,135.72,1.42,11.88,157.02,393.88,2025-12-26
Mumbai,18.9582,72.8321,2025-12-26 02:30:00,5,130.35,141.82,1.72,14.63,156.66,432.47,2025-12-26
Mumbai,18.9582,72.8321,2025-12-26 03:30:00,5,134.48,147.02,2.0,17.56,156.15,469.31,2025-12-26
Mumbai,18.9582,72.8321,2025-12-26 04:30:00,5,136.63,149.87,2.27,20.27,153.93,497.0,2025-12-26
Mumbai,18.9582,72.8321,2025-12-26 05:30:00,5,136.23,149.76,2.56,23.38,149.18,515.99,2025-12-26
Mumbai,18.9582,72.8321,2025-12-26 06:30:00,5,130.95,144.1,2.8,26.07,142.39,510.59,2025-12-26
Mumbai,18.9582,72.8321,2025-12-26 07:30:00,5,126.91,139.82,2.98,28.34,135.1,503.38,2025-12-26
Mumbai,18.9582,72.8321,2025-12-26 08:30:00,5,125.25,138.01,3.62,29.85,128.72,503.72,2025-12-26
Mumbai,18.9582,72.8321,2025-12-26 09:30:00,5,125.85,138.59,4.23,30.16,124.74,506.7,2025-12-26
Mumbai,18.9582,72.8321,2025-12-26 10:30:00,5,130.57,143.33,4.32,29.07,128.04,513.75,2025-12-26
Mumbai,18.9582,72.8321,2025-12-26 11:30:00,5,138.45,150.85,3.7,26.46,138.85,514.3,2025-12-26
Mumbai,18.9582,72.8321,2025-12-26 12:30:00,5,146.04,157.71,2.73,22.71,152.52,504.42,2025-12-26
Mumbai,18.9582,72.8321,2025-12-26 13:30:00,5,151.53,162.37,2.03,19.2,162.86,490.03,2025-12-26
Mumbai,18.9582,72.8321,2025-12-26 14:30:00,5,153.89,163.8,1.69,16.21,170.13,472.52,2025-12-26
Mumbai,18.9582,72.8321,2025-12-26 15:30:00,5,156.3,165.85,1.7,14.79,175.67,467.15,2025-12-26
Mumbai,18.9582,72.8321,2025-12-26 16:30:00,5,157.51,166.94,1.87,14.27,178.26,464.02,2025-12-26
Mumbai,18.9582,72.8321,2025-12-26 17:30:00,5,156.39,165.51,2.0,13.52,179.45,454.33,2025-12-26
Mumbai,18.9582,72.8321,2025-12-26 18:30:00,5,154.96,163.77,1.84,12.89,180.19,444.24,2025-12-26
Mumbai,18.9582,72.8321,2025-12-26 19:30:00,5,154.34,163.17,1.38,12.5,179.35,438.18,2025-12-26
Mumbai,18.9582,72.8321,2025-12-26 20:30:00,5,153.65,162.76,1.13,12.24,178.1,432.82,2025-12-26
Bangalore,12.9629,77.5775,2025-12-26 21:30:00,3,36.92,44.69,9.47,4.53,72.7,380.29,2025-12-26
Bangalore,12.9629,77.5775,2025-12-26 22:30:00,3,38.35,46.37,9.36,4.92,68.42,386.53,2025-12-26
Bangalore,12.9629,77.5775,2025-12-26 23:30:00,3,39.75,47.55,9.59,5.26,65.83,388.97,2025-12-26
Bangalore,12.9629,77.5775,2025-12-27 00:30:00,3,40.71,47.75,9.29,5.38,64.5,383.83,2025-12-27
Bangalore,12.9629,77.5775,2025-12-27 01:30:00,3,41.82,48.36,8.19,5.42,64.15,377.18,2025-12-27
Bangalore,12.9629,77.5775,2025-12-27 02:30:00,3,43.26,49.59,7.16,5.43,63.46,370.19,2025-12-27
Bangalore,12.9629,77.5775,2025-12-27 03:30:00,3,45.26,51.72,6.36,5.3,62.71,364.87,2025-12-27
Bangalore,12.9629,77.5775,2025-12-27 04:30:00,3,48.01,54.82,5.83,5.04,61.64,363.48,2025-12-27
Bangalore,12.9629,77.5775,2025-12-27 05:30:00,4,51.6,58.98,5.59,4.86,61.04,364.01,2025-12-27
Bangalore,12.9629,77.5775,2025-12-27 06:30:00,4,56.72,65.17,5.89,4.87,60.7,368.54,2025-12-27
Bangalore,12.9629,77.5775,2025-12-27 07:30:00,4,63.84,74.18,7.65,5.22,61.03,390.88,2025-12-27
Bangalore,12.9629,77.5775,2025-12-27 08:30:00,4,71.31,83.31,9.11,5.68,64.87,416.69,2025-12-27
Bangalore,12.9629,77.5775,2025-12-27 09:30:00,5,78.36,90.91,7.33,5.96,81.39,411.51,2025-12-27
Beijing,39.9042,116.4074,2025-12-26 21:30:00,5,367.06,442.92,95.38,103.99,0.0,3965.73,2025-12-26
Beijing,39.9042,116.4074,2025-12-26 22:30:00,5,371.99,445.21,97.54,97.2,0.0,4043.64,2025-12-26
Beijing,39.9042,116.4074,2025-12-26 23:30:00,5,378.69,450.11,101.0,95.89,0.0,4153.3,2025-12-26
Beijing,39.9042,116.4074,2025-12-27 00:30:00,5,385.49,455.28,105.64,98.4,0.0,4248.49,2025-12-27
Beijing,39.9042,116.4074,2025-12-27 01:30:00,5,392.81,461.14,110.97,101.45,0.0,4345.12,2025-12-27
Beijing,39.9042,116.4074,2025-12-27 02:30:00,5,399.8,466.93,116.72,106.1,0.0,4432.42,2025-12-27
Beijing,39.9042,116.4074,2025-12-27 03:30:00,5,408.17,474.69,122.24,109.46,0.0,4536.04,2025-12-27
Beijing,39.9042,116.4074,2025-12-27 04:30:00,5,427.94,496.83,126.96,110.56,0.0,4751.58,2025-12-27
Beijing,39.9042,116.4074,2025-12-27 05:30:00,5,450.13,522.84,131.53,113.65,0.0,4996.31,2025-12-27
Beijing,39.9042,116.4074,2025-12-27 06:30:00,5,462.3,537.47,134.98,120.58,0.4,5137.41,2025-12-27
Beijing,39.9042,116.4074,2025-12-27 07:30:00,5,470.12,547.43,136.86,124.69,2.51,5236.83,2025-12-27
Beijing,39.9042,116.4074,2025-12-27 08:30:00,5,468.05,546.03,139.1,129.51,5.88,5208.95,2025-12-27
Beijing,39.9042,116.4074,2025-12-27 09:30:00,5,298.51,357.44,130.56,277.21,11.28,3276.67,2025-12-27
Delhi,28.6139,77.209,2025-12-26 21:30:00,5,90.2,116.62,34.26,6.4,34.51,880.26,2025-12-26
Delhi,28.6139,77.209,2025-12-26 22:30:00,5,95.98,123.42,32.74,7.4,34.36,908.86,2025-12-26
Delhi,28.6139,77.209,2025-12-26 23:30:00,5,99.49,126.62,30.9,7.81,36.71,904.51,2025-12-26
Delhi,28.6139,77.209,2025-12-27 00:30:00,5,99.39,124.77,26.5,6.99,40.95,853.78,2025-12-27
Delhi,28.6139,77.209,2025-12-27 01:30:00,5,99.69,123.4,20.65,5.18,44.16,799.74,2025-12-27
Delhi,28.6139,77.209,2025-12-27 02:30:00,5,100.43,122.43,16.26,3.29,45.48,757.07,2025-12-27
Delhi,28.6139,77.209,2025-12-27 03:30:00,5,99.99,120.44,13.12,2.06,45.92,716.62,2025-12-27
Delhi,28.6139,77.209,2025-12-27 04:30:00,5,99.33,119.05,10.91,1.62,46.86,679.21,2025-12-27
Delhi,28.6139,77.209,2025-12-27 05:30:00,5,98.57,118.16,9.6,1.41,47.89,643.95,2025-12-27
Delhi,28.6139,77.209,2025-12-27 06:30:00,5,98.58,118.93,9.85,1.48,47.57,630.09,2025-12-27
Delhi,28.6139,77.209,2025-12-27 07:30:00,5,100.8,123.21,12.79,1.92,44.51,653.57,2025-12-27
Delhi,28.6139,77.209,2025-12-27 08:30:00,5,103.51,128.15,16.59,2.23,43.25,690.05,2025-12-27
Delhi,28.6139,77.209,2025-12-27 09:30:00,5,103.27,129.37,15.92,2.41,50.36,690.14,2025-12-27
Kolkata,22.5744,88.3629,2025-12-26 21:30:00,5,184.78,202.91,9.66,24.64,145.68,924.1,2025-12-26
Kolkata,22.5744,88.3629,2025-12-26 22:30:00,5,191.05,209.29,9.64,26.17,140.53,957.58,2025-12-26
Kolkata,22.5744,88.3629,2025-12-26 23:30:00,5,195.08,212.86,9.38,28.53,136.76,969.34,2025-12-26
Kolkata,22.5744,88.3629,2025-12-27 00:30:00,5,196.84,213.93,9.05,30.13,132.98,972.3,2025-12-27
Kolkata,22.5744,88.3629,2025-12-27 01:30:00,5,200.27,216.94,9.03,29.82,127.62,990.45,2025-12-27
Kolkata,22.5744,88.3629,2025-12-27 02:30:00,5,203.82,220.15,9.02,28.85,122.57,1007.89,2025-12-27
Kolkata,22.5744,88.3629,2025-12-27 03:30:00,5,207.62,223.64,9.28,27.46,116.33,1031.1,2025-12-27
Kolkata,22.5744,88.3629,2025-12-27 04:30:00,5,213.15,228.82,9.76,26.55,110.77,1052.85,2025-12-27
Kolkata,22.5744,88.3629,2025-12-27 05:30:00,5,220.55,236.0,10.61,26.42,103.93,1081.25,2025-12-27
Kolkata,22.5744,88.3629,2025-12-27 06:30:00,5,226.24,242.0,12.05,27.33,95.55,1115.89,2025-12-27
Kolkata,22.5744,88.3629,2025-12-27 07:30:00,5,231.05,247.82,14.99,29.86,87.38,1165.46,2025-12-27
Kolkata,22.5744,88.3629,2025-12-27 08:30:00,5,232.65,250.54,16.63,34.04,85.01,1201.84,2025-12-27
Kolkata,22.5744,88.3629,2025-12-27 09:30:00,5,227.18,245.6,15.46,41.1,94.98,1164.01,2025-12-27
Mumbai,18.9582,72.8321,2025-12-26 21:30:00,5,153.05,162.62,1.01,11.86,175.32,430.22,2025-12-26
Mumbai,18.9582,72.8321,2025-12-26 22:30:00,5,153.88,164.22,0.98,12.16,173.63,436.36,2025-12-26
Mumbai,18.9582,72.8321,2025-12-26 23:30:00,5,156.77,168.13,1.06,13.53,173.69,457.9,2025-12-26
Mumbai,18.9582,72.8321,2025-12-27 00:30:00,5,160.33,172.29,1.22,15.97,174.86,486.27,2025-12-27
Mumbai,18.9582,72.8321,2025-12-27 01:30:00,5,166.31,179.59,1.41,18.48,175.94,526.18,2025-12-27
Mumbai,18.9582,72.8321,2025-12-27 02:30:00,5,172.96,187.67,1.62,21.08,176.46,570.36,2025-12-27
Mumbai,18.9582,72.8321,2025-12-27 03:30:00,5,175.75,191.17,1.78,23.34,175.62,600.23,2025-12-27
Mumbai,18.9582,72.8321,2025-12-27 04:30:00,5,176.2,191.88,1.88,25.01,173.37,614.59,2025-12-27
Mumbai,18.9582,72.8321,2025-12-27 05:30:00,5,175.85,191.62,1.98,26.52,169.6,624.26,2025-12-27
Mumbai,18.9582,72.8321,2025-12-27 06:30:00,5,173.91,189.68,2.12,28.19,162.96,631.13,2025-12-27
Mumbai,18.9582,72.8321,2025-12-27 07:30:00,5,170.93,186.57,2.28,29.86,154.76,635.2,2025-12-27
Mumbai,18.9582,72.8321,2025-12-27 08:30:00,5,166.95,182.52,2.82,31.34,146.64,635.03,2025-12-27
Mumbai,18.9582,72.8321,2025-12-27 09:30:00,5,163.33,178.86,3.47,32.31,139.55,637.31,2025-12-27
